Date_Session,Program Type,District Name,Mandal Name,School Name,Language,Final_Milestone,Student_Count
2025-07-25,RCT,HYDERABAD,HIMAYATNAGAR,GOVT  PS(M)NARAYANAGUDA  OPP OLD MLA QTRS,en,1,2
2025-07-25,RCT,HYDERABAD,HIMAYATNAGAR,GOVT  PS(M)NARAYANAGUDA  OPP OLD MLA QTRS,en,3,1
2025-07-25,RCT,HYDERABAD,HIMAYATNAGAR,GOVT  PS(M)NARAYANAGUDA  OPP OLD MLA QTRS,en,4,1
2025-07-25,RCT,HYDERABAD,HIMAYATNAGAR,GOVT  PS(M)NARAYANAGUDA  OPP OLD MLA QTRS,te,1,4
2025-07-25,RCT,HYDERABAD,KHARATABAD II (EB),"GOVT. PS YOUSUFGUDA, YOUSUFGUDA CHECKPOST",en,1,3
2025-07-25,RCT,HYDERABAD,KHARATABAD II (EB),"GOVT. PS YOUSUFGUDA, YOUSUFGUDA CHECKPOST",en,3,2
2025-07-25,RCT,HYDERABAD,KHARATABAD II (EB),"GOVT. PS YOUSUFGUDA, YOUSUFGUDA CHECKPOST",te,1,6
2025-07-25,RCT,HYDERABAD,MAREDPALLY,"GOVT. PS LALAPET, LALAPET",en,1,5
2025-07-25,RCT,HYDERABAD,MAREDPALLY,"GOVT. PS LALAPET, LALAPET",en,4,1
2025-07-25,RCT,HYDERABAD,MAREDPALLY,"GOVT. PS LALAPET, LALAPET",te,1,3
2025-07-25,RCT,HYDERABAD,SAIDABAD II (EB),GOVT. PS GADDIANNARAM POCHAMMABASTI GADDIANNARAM,en,1,3
2025-07-25,RCT,HYDERABAD,SAIDABAD II (EB),GOVT. PS GADDIANNARAM POCHAMMABASTI GADDIANNARAM,en,4,1
2025-07-25,RCT,HYDERABAD,SAIDABAD II (EB),GOVT. PS GADDIANNARAM POCHAMMABASTI GADDIANNARAM,te,1,14
2025-07-25,RCT,HYDERABAD,SAIDABAD II (EB),GOVT. PS SHANKESHWARBAZAR SHANKESHWARBAZAR,en,1,10
2025-07-25,RCT,HYDERABAD,SAIDABAD II (EB),GOVT. PS SHANKESHWARBAZAR SHANKESHWARBAZAR,en,4,1
2025-07-25,RCT,HYDERABAD,SAIDABAD II (EB),GOVT. PS SHANKESHWARBAZAR SHANKESHWARBAZAR,te,1,9
2025-07-26,RCT,HYDERABAD,HIMAYATNAGAR,GOVT  PS(M)NARAYANAGUDA  OPP OLD MLA QTRS,en,1,2
2025-07-26,RCT,HYDERABAD,HIMAYATNAGAR,GOVT  PS(M)NARAYANAGUDA  OPP OLD MLA QTRS,en,3,1
2025-07-26,RCT,HYDERABAD,HIMAYATNAGAR,GOVT  PS(M)NARAYANAGUDA  OPP OLD MLA QTRS,en,4,1
2025-07-26,RCT,HYDERABAD,HIMAYATNAGAR,GOVT  PS(M)NARAYANAGUDA  OPP OLD MLA QTRS,te,1,4
2025-07-26,RCT,HYDERABAD,KHARATABAD II (EB),"GOVT. PS YOUSUFGUDA, YOUSUFGUDA CHECKPOST",en,1,6
2025-07-26,RCT,HYDERABAD,KHARATABAD II (EB),"GOVT. PS YOUSUFGUDA, YOUSUFGUDA CHECKPOST",en,3,2
2025-07-26,RCT,HYDERABAD,KHARATABAD II (EB),"GOVT. PS YOUSUFGUDA, YOUSUFGUDA CHECKPOST",te,1,12
2025-07-26,RCT,HYDERABAD,MAREDPALLY,"GOVT. PS LALAPET, LALAPET",en,1,8
2025-07-26,RCT,HYDERABAD,MAREDPALLY,"GOVT. PS LALAPET, LALAPET",en,2,1
2025-07-26,RCT,HYDERABAD,MAREDPALLY,"GOVT. PS LALAPET, LALAPET",en,4,1
2025-07-26,RCT,HYDERABAD,MAREDPALLY,"GOVT. PS LALAPET, LALAPET",te,1,5
2025-07-26,RCT,HYDERABAD,SAIDABAD II (EB),GOVT. PS GADDIANNARAM POCHAMMABASTI GADDIANNARAM,en,1,3
2025-07-26,RCT,HYDERABAD,SAIDABAD II (EB),GOVT. PS GADDIANNARAM POCHAMMABASTI GADDIANNARAM,en,4,1
2025-07-26,RCT,HYDERABAD,SAIDABAD II (EB),GOVT. PS GADDIANNARAM POCHAMMABASTI GADDIANNARAM,te,1,14
2025-07-26,RCT,HYDERABAD,SAIDABAD II (EB),GOVT. PS SHANKESHWARBAZAR SHANKESHWARBAZAR,en,1,10
2025-07-26,RCT,HYDERABAD,SAIDABAD II (EB),GOVT. PS SHANKESHWARBAZAR SHANKESHWARBAZAR,en,4,1
2025-07-26,RCT,HYDERABAD,SAIDABAD II (EB),GOVT. PS SHANKESHWARBAZAR SHANKESHWARBAZAR,te,1,9
2025-07-27,RCT,HYDERABAD,HIMAYATNAGAR,GOVT  PS(M)NARAYANAGUDA  OPP OLD MLA QTRS,en,1,2
2025-07-27,RCT,HYDERABAD,HIMAYATNAGAR,GOVT  PS(M)NARAYANAGUDA  OPP OLD MLA QTRS,en,3,1
2025-07-27,RCT,HYDERABAD,HIMAYATNAGAR,GOVT  PS(M)NARAYANAGUDA  OPP OLD MLA QTRS,en,4,1
2025-07-27,RCT,HYDERABAD,HIMAYATNAGAR,GOVT  PS(M)NARAYANAGUDA  OPP OLD MLA QTRS,te,1,4
2025-07-27,RCT,HYDERABAD,KHARATABAD II (EB),"GOVT. PS YOUSUFGUDA, YOUSUFGUDA CHECKPOST",en,1,6
2025-07-27,RCT,HYDERABAD,KHARATABAD II (EB),"GOVT. PS YOUSUFGUDA, YOUSUFGUDA CHECKPOST",en,3,2
2025-07-27,RCT,HYDERABAD,KHARATABAD II (EB),"GOVT. PS YOUSUFGUDA, YOUSUFGUDA CHECKPOST",te,1,12
2025-07-27,RCT,HYDERABAD,MAREDPALLY,"GOVT. PS LALAPET, LALAPET",en,1,8
2025-07-27,RCT,HYDERABAD,MAREDPALLY,"GOVT. PS LALAPET, LALAPET",en,2,1
2025-07-27,RCT,HYDERABAD,MAREDPALLY,"GOVT. PS LALAPET, LALAPET",en,4,1
2025-07-27,RCT,HYDERABAD,MAREDPALLY,"GOVT. PS LALAPET, LALAPET",te,1,5
2025-07-27,RCT,HYDERABAD,SAIDABAD II (EB),GOVT. PS GADDIANNARAM POCHAMMABASTI GADDIANNARAM,en,1,3
2025-07-27,RCT,HYDERABAD,SAIDABAD II (EB),GOVT. PS GADDIANNARAM POCHAMMABASTI GADDIANNARAM,en,4,1
2025-07-27,RCT,HYDERABAD,SAIDABAD II (EB),GOVT. PS GADDIANNARAM POCHAMMABASTI GADDIANNARAM,te,1,14
2025-07-27,RCT,HYDERABAD,SAIDABAD II (EB),GOVT. PS SHANKESHWARBAZAR SHANKESHWARBAZAR,en,1,10
2025-07-27,RCT,HYDERABAD,SAIDABAD II (EB),GOVT. PS SHANKESHWARBAZAR SHANKESHWARBAZAR,en,4,1
2025-07-27,RCT,HYDERABAD,SAIDABAD II (EB),GOVT. PS SHANKESHWARBAZAR SHANKESHWARBAZAR,te,1,9
2025-07-28,RCT,HYDERABAD,HIMAYATNAGAR,GOVT  PS(M)NARAYANAGUDA  OPP OLD MLA QTRS,en,1,5
2025-07-28,RCT,HYDERABAD,HIMAYATNAGAR,GOVT  PS(M)NARAYANAGUDA  OPP OLD MLA QTRS,en,3,1
2025-07-28,RCT,HYDERABAD,HIMAYATNAGAR,GOVT  PS(M)NARAYANAGUDA  OPP OLD MLA QTRS,en,4,1
2025-07-28,RCT,HYDERABAD,HIMAYATNAGAR,GOVT  PS(M)NARAYANAGUDA  OPP OLD MLA QTRS,te,1,5
2025-07-28,RCT,HYDERABAD,KHARATABAD II (EB),"GOVT. PS YOUSUFGUDA, YOUSUFGUDA CHECKPOST",en,1,8
2025-07-28,RCT,HYDERABAD,KHARATABAD II (EB),"GOVT. PS YOUSUFGUDA, YOUSUFGUDA CHECKPOST",en,3,2
2025-07-28,RCT,HYDERABAD,KHARATABAD II (EB),"GOVT. PS YOUSUFGUDA, YOUSUFGUDA CHECKPOST",te,1,13
2025-07-28,RCT,HYDERABAD,MAREDPALLY,"GOVT. PS LALAPET, LALAPET",en,1,8
2025-07-28,RCT,HYDERABAD,MAREDPALLY,"GOVT. PS LALAPET, LALAPET",en,2,1
2025-07-28,RCT,HYDERABAD,MAREDPALLY,"GOVT. PS LALAPET, LALAPET",en,4,1
2025-07-28,RCT,HYDERABAD,MAREDPALLY,"GOVT. PS LALAPET, LALAPET",te,1,5
2025-07-28,RCT,HYDERABAD,SAIDABAD II (EB),GOVT. PS GADDIANNARAM POCHAMMABASTI GADDIANNARAM,en,1,3
2025-07-28,RCT,HYDERABAD,SAIDABAD II (EB),GOVT. PS GADDIANNARAM POCHAMMABASTI GADDIANNARAM,en,4,1
2025-07-28,RCT,HYDERABAD,SAIDABAD II (EB),GOVT. PS GADDIANNARAM POCHAMMABASTI GADDIANNARAM,te,1,14
2025-07-28,RCT,HYDERABAD,SAIDABAD II (EB),GOVT. PS SHANKESHWARBAZAR SHANKESHWARBAZAR,en,1,10
2025-07-28,RCT,HYDERABAD,SAIDABAD II (EB),GOVT. PS SHANKESHWARBAZAR SHANKESHWARBAZAR,en,4,1
2025-07-28,RCT,HYDERABAD,SAIDABAD II (EB),GOVT. PS SHANKESHWARBAZAR SHANKESHWARBAZAR,te,1,9
2025-07-29,RCT,HYDERABAD,HIMAYATNAGAR,GOVT  PS(M)NARAYANAGUDA  OPP OLD MLA QTRS,en,1,5
2025-07-29,RCT,HYDERABAD,HIMAYATNAGAR,GOVT  PS(M)NARAYANAGUDA  OPP OLD MLA QTRS,en,3,1
2025-07-29,RCT,HYDERABAD,HIMAYATNAGAR,GOVT  PS(M)NARAYANAGUDA  OPP OLD MLA QTRS,en,4,1
2025-07-29,RCT,HYDERABAD,HIMAYATNAGAR,GOVT  PS(M)NARAYANAGUDA  OPP OLD MLA QTRS,te,1,5
2025-07-29,RCT,HYDERABAD,KHARATABAD II (EB),"GOVT. PS YOUSUFGUDA, YOUSUFGUDA CHECKPOST",en,1,8
2025-07-29,RCT,HYDERABAD,KHARATABAD II (EB),"GOVT. PS YOUSUFGUDA, YOUSUFGUDA CHECKPOST",en,3,2
2025-07-29,RCT,HYDERABAD,KHARATABAD II (EB),"GOVT. PS YOUSUFGUDA, YOUSUFGUDA CHECKPOST",te,1,13
2025-07-29,RCT,HYDERABAD,MAREDPALLY,"GOVT. PS LALAPET, LALAPET",en,1,8
2025-07-29,RCT,HYDERABAD,MAREDPALLY,"GOVT. PS LALAPET, LALAPET",en,2,1
2025-07-29,RCT,HYDERABAD,MAREDPALLY,"GOVT. PS LALAPET, LALAPET",en,4,1
2025-07-29,RCT,HYDERABAD,MAREDPALLY,"GOVT. PS LALAPET, LALAPET",te,1,5
2025-07-29,RCT,HYDERABAD,SAIDABAD II (EB),GOVT. PS GADDIANNARAM POCHAMMABASTI GADDIANNARAM,en,1,3
2025-07-29,RCT,HYDERABAD,SAIDABAD II (EB),GOVT. PS GADDIANNARAM POCHAMMABASTI GADDIANNARAM,en,4,1
2025-07-29,RCT,HYDERABAD,SAIDABAD II (EB),GOVT. PS GADDIANNARAM POCHAMMABASTI GADDIANNARAM,te,1,15
2025-07-29,RCT,HYDERABAD,SAIDABAD II (EB),GOVT. PS SHANKESHWARBAZAR SHANKESHWARBAZAR,en,1,9
2025-07-29,RCT,HYDERABAD,SAIDABAD II (EB),GOVT. PS SHANKESHWARBAZAR SHANKESHWARBAZAR,en,2,1
2025-07-29,RCT,HYDERABAD,SAIDABAD II (EB),GOVT. PS SHANKESHWARBAZAR SHANKESHWARBAZAR,en,3,1
2025-07-29,RCT,HYDERABAD,SAIDABAD II (EB),GOVT. PS SHANKESHWARBAZAR SHANKESHWARBAZAR,en,4,1
2025-07-29,RCT,HYDERABAD,SAIDABAD II (EB),GOVT. PS SHANKESHWARBAZAR SHANKESHWARBAZAR,te,1,14
2025-07-30,RCT,HYDERABAD,HIMAYATNAGAR,GOVT  PS(M)NARAYANAGUDA  OPP OLD MLA QTRS,en,1,7
2025-07-30,RCT,HYDERABAD,HIMAYATNAGAR,GOVT  PS(M)NARAYANAGUDA  OPP OLD MLA QTRS,en,3,1
2025-07-30,RCT,HYDERABAD,HIMAYATNAGAR,GOVT  PS(M)NARAYANAGUDA  OPP OLD MLA QTRS,en,4,1
2025-07-30,RCT,HYDERABAD,HIMAYATNAGAR,GOVT  PS(M)NARAYANAGUDA  OPP OLD MLA QTRS,te,1,5
2025-07-30,RCT,HYDERABAD,KHARATABAD II (EB),"GOVT. PS YOUSUFGUDA, YOUSUFGUDA CHECKPOST",en,1,8
2025-07-30,RCT,HYDERABAD,KHARATABAD II (EB),"GOVT. PS YOUSUFGUDA, YOUSUFGUDA CHECKPOST",en,3,1
2025-07-30,RCT,HYDERABAD,KHARATABAD II (EB),"GOVT. PS YOUSUFGUDA, YOUSUFGUDA CHECKPOST",en,4,1
2025-07-30,RCT,HYDERABAD,KHARATABAD II (EB),"GOVT. PS YOUSUFGUDA, YOUSUFGUDA CHECKPOST",te,1,13
2025-07-30,RCT,HYDERABAD,MAREDPALLY,"GOVT. PS LALAPET, LALAPET",en,1,8
2025-07-30,RCT,HYDERABAD,MAREDPALLY,"GOVT. PS LALAPET, LALAPET",en,2,1
2025-07-30,RCT,HYDERABAD,MAREDPALLY,"GOVT. PS LALAPET, LALAPET",en,4,1
2025-07-30,RCT,HYDERABAD,MAREDPALLY,"GOVT. PS LALAPET, LALAPET",te,1,5
2025-07-30,RCT,HYDERABAD,NAMPALLY,"GOVT. PS(G)MAHABOOBIA, GUNFOUNDRY",en,1,6
2025-07-30,RCT,HYDERABAD,NAMPALLY,"GOVT. PS(G)MAHABOOBIA, GUNFOUNDRY",en,2,1
2025-07-30,RCT,HYDERABAD,NAMPALLY,"GOVT. PS(G)MAHABOOBIA, GUNFOUNDRY",en,4,1
2025-07-30,RCT,HYDERABAD,NAMPALLY,"GOVT. PS(G)MAHABOOBIA, GUNFOUNDRY",en,5,1
2025-07-30,RCT,HYDERABAD,SAIDABAD II (EB),GOVT. PS GADDIANNARAM POCHAMMABASTI GADDIANNARAM,en,1,3
2025-07-30,RCT,HYDERABAD,SAIDABAD II (EB),GOVT. PS GADDIANNARAM POCHAMMABASTI GADDIANNARAM,en,4,1
2025-07-30,RCT,HYDERABAD,SAIDABAD II (EB),GOVT. PS GADDIANNARAM POCHAMMABASTI GADDIANNARAM,te,1,15
2025-07-30,RCT,HYDERABAD,SAIDABAD II (EB),GOVT. PS SHANKESHWARBAZAR SHANKESHWARBAZAR,en,1,9
2025-07-30,RCT,HYDERABAD,SAIDABAD II (EB),GOVT. PS SHANKESHWARBAZAR SHANKESHWARBAZAR,en,2,1
2025-07-30,RCT,HYDERABAD,SAIDABAD II (EB),GOVT. PS SHANKESHWARBAZAR SHANKESHWARBAZAR,en,3,1
2025-07-30,RCT,HYDERABAD,SAIDABAD II (EB),GOVT. PS SHANKESHWARBAZAR SHANKESHWARBAZAR,en,4,1
2025-07-30,RCT,HYDERABAD,SAIDABAD II (EB),GOVT. PS SHANKESHWARBAZAR SHANKESHWARBAZAR,te,1,15
2025-07-31,RCT,HYDERABAD,HIMAYATNAGAR,GOVT  PS(M)NARAYANAGUDA  OPP OLD MLA QTRS,en,1,7
2025-07-31,RCT,HYDERABAD,HIMAYATNAGAR,GOVT  PS(M)NARAYANAGUDA  OPP OLD MLA QTRS,en,3,1
2025-07-31,RCT,HYDERABAD,HIMAYATNAGAR,GOVT  PS(M)NARAYANAGUDA  OPP OLD MLA QTRS,en,4,1
2025-07-31,RCT,HYDERABAD,HIMAYATNAGAR,GOVT  PS(M)NARAYANAGUDA  OPP OLD MLA QTRS,te,1,5
2025-07-31,RCT,HYDERABAD,KHARATABAD II (EB),"GOVT. PS YOUSUFGUDA, YOUSUFGUDA CHECKPOST",en,1,8
2025-07-31,RCT,HYDERABAD,KHARATABAD II (EB),"GOVT. PS YOUSUFGUDA, YOUSUFGUDA CHECKPOST",en,3,1
2025-07-31,RCT,HYDERABAD,KHARATABAD II (EB),"GOVT. PS YOUSUFGUDA, YOUSUFGUDA CHECKPOST",en,4,1
2025-07-31,RCT,HYDERABAD,KHARATABAD II (EB),"GOVT. PS YOUSUFGUDA, YOUSUFGUDA CHECKPOST",te,1,13
2025-07-31,RCT,HYDERABAD,MAREDPALLY,"GOVT. PS LALAPET, LALAPET",en,1,8
2025-07-31,RCT,HYDERABAD,MAREDPALLY,"GOVT. PS LALAPET, LALAPET",en,3,1
2025-07-31,RCT,HYDERABAD,MAREDPALLY,"GOVT. PS LALAPET, LALAPET",en,4,2
2025-07-31,RCT,HYDERABAD,MAREDPALLY,"GOVT. PS LALAPET, LALAPET",te,1,6
2025-07-31,RCT,HYDERABAD,NAMPALLY,"GOVT. PS(G)MAHABOOBIA, GUNFOUNDRY",en,1,6
2025-07-31,RCT,HYDERABAD,NAMPALLY,"GOVT. PS(G)MAHABOOBIA, GUNFOUNDRY",en,2,1
2025-07-31,RCT,HYDERABAD,NAMPALLY,"GOVT. PS(G)MAHABOOBIA, GUNFOUNDRY",en,4,1
2025-07-31,RCT,HYDERABAD,NAMPALLY,"GOVT. PS(G)MAHABOOBIA, GUNFOUNDRY",en,5,1
2025-07-31,RCT,HYDERABAD,SAIDABAD II (EB),GOVT. PS GADDIANNARAM POCHAMMABASTI GADDIANNARAM,en,1,3
2025-07-31,RCT,HYDERABAD,SAIDABAD II (EB),GOVT. PS GADDIANNARAM POCHAMMABASTI GADDIANNARAM,en,4,1
2025-07-31,RCT,HYDERABAD,SAIDABAD II (EB),GOVT. PS GADDIANNARAM POCHAMMABASTI GADDIANNARAM,te,1,15
2025-07-31,RCT,HYDERABAD,SAIDABAD II (EB),GOVT. PS SHANKESHWARBAZAR SHANKESHWARBAZAR,en,1,9
2025-07-31,RCT,HYDERABAD,SAIDABAD II (EB),GOVT. PS SHANKESHWARBAZAR SHANKESHWARBAZAR,en,2,1
2025-07-31,RCT,HYDERABAD,SAIDABAD II (EB),GOVT. PS SHANKESHWARBAZAR SHANKESHWARBAZAR,en,3,1
2025-07-31,RCT,HYDERABAD,SAIDABAD II (EB),GOVT. PS SHANKESHWARBAZAR SHANKESHWARBAZAR,en,4,1
2025-07-31,RCT,HYDERABAD,SAIDABAD II (EB),GOVT. PS SHANKESHWARBAZAR SHANKESHWARBAZAR,te,1,15
2025-08-01,RCT,HYDERABAD,HIMAYATNAGAR,GOVT  PS(M)NARAYANAGUDA  OPP OLD MLA QTRS,en,1,7
2025-08-01,RCT,HYDERABAD,HIMAYATNAGAR,GOVT  PS(M)NARAYANAGUDA  OPP OLD MLA QTRS,en,3,1
2025-08-01,RCT,HYDERABAD,HIMAYATNAGAR,GOVT  PS(M)NARAYANAGUDA  OPP OLD MLA QTRS,en,4,1
2025-08-01,RCT,HYDERABAD,HIMAYATNAGAR,GOVT  PS(M)NARAYANAGUDA  OPP OLD MLA QTRS,te,1,5
2025-08-01,RCT,HYDERABAD,KHARATABAD II (EB),"GOVT. PS YOUSUFGUDA, YOUSUFGUDA CHECKPOST",en,1,8
2025-08-01,RCT,HYDERABAD,KHARATABAD II (EB),"GOVT. PS YOUSUFGUDA, YOUSUFGUDA CHECKPOST",en,3,1
2025-08-01,RCT,HYDERABAD,KHARATABAD II (EB),"GOVT. PS YOUSUFGUDA, YOUSUFGUDA CHECKPOST",en,4,1
2025-08-01,RCT,HYDERABAD,KHARATABAD II (EB),"GOVT. PS YOUSUFGUDA, YOUSUFGUDA CHECKPOST",te,1,13
2025-08-01,RCT,HYDERABAD,MAREDPALLY,"GOVT. PS LALAPET, LALAPET",en,1,8
2025-08-01,RCT,HYDERABAD,MAREDPALLY,"GOVT. PS LALAPET, LALAPET",en,3,1
2025-08-01,RCT,HYDERABAD,MAREDPALLY,"GOVT. PS LALAPET, LALAPET",en,4,2
2025-08-01,RCT,HYDERABAD,MAREDPALLY,"GOVT. PS LALAPET, LALAPET",te,1,6
2025-08-01,RCT,HYDERABAD,NAMPALLY,"GOVT. PS(G)MAHABOOBIA, GUNFOUNDRY",en,1,8
2025-08-01,RCT,HYDERABAD,NAMPALLY,"GOVT. PS(G)MAHABOOBIA, GUNFOUNDRY",en,3,1
2025-08-01,RCT,HYDERABAD,NAMPALLY,"GOVT. PS(G)MAHABOOBIA, GUNFOUNDRY",en,6,2
2025-08-01,RCT,HYDERABAD,SAIDABAD II (EB),GOVT. PS GADDIANNARAM POCHAMMABASTI GADDIANNARAM,en,1,3
2025-08-01,RCT,HYDERABAD,SAIDABAD II (EB),GOVT. PS GADDIANNARAM POCHAMMABASTI GADDIANNARAM,en,2,1
2025-08-01,RCT,HYDERABAD,SAIDABAD II (EB),GOVT. PS GADDIANNARAM POCHAMMABASTI GADDIANNARAM,en,4,1
2025-08-01,RCT,HYDERABAD,SAIDABAD II (EB),GOVT. PS GADDIANNARAM POCHAMMABASTI GADDIANNARAM,en,5,1
2025-08-01,RCT,HYDERABAD,SAIDABAD II (EB),GOVT. PS GADDIANNARAM POCHAMMABASTI GADDIANNARAM,te,1,17
2025-08-01,RCT,HYDERABAD,SAIDABAD II (EB),GOVT. PS SHANKESHWARBAZAR SHANKESHWARBAZAR,en,1,9
2025-08-01,RCT,HYDERABAD,SAIDABAD II (EB),GOVT. PS SHANKESHWARBAZAR SHANKESHWARBAZAR,en,3,2
2025-08-01,RCT,HYDERABAD,SAIDABAD II (EB),GOVT. PS SHANKESHWARBAZAR SHANKESHWARBAZAR,en,6,1
2025-08-01,RCT,HYDERABAD,SAIDABAD II (EB),GOVT. PS SHANKESHWARBAZAR SHANKESHWARBAZAR,te,1,15
2025-08-02,RCT,HYDERABAD,HIMAYATNAGAR,GOVT  PS(M)NARAYANAGUDA  OPP OLD MLA QTRS,en,1,7
2025-08-02,RCT,HYDERABAD,HIMAYATNAGAR,GOVT  PS(M)NARAYANAGUDA  OPP OLD MLA QTRS,en,3,1
2025-08-02,RCT,HYDERABAD,HIMAYATNAGAR,GOVT  PS(M)NARAYANAGUDA  OPP OLD MLA QTRS,en,4,1
2025-08-02,RCT,HYDERABAD,HIMAYATNAGAR,GOVT  PS(M)NARAYANAGUDA  OPP OLD MLA QTRS,te,1,5
2025-08-02,RCT,HYDERABAD,KHARATABAD II (EB),"GOVT. PS YOUSUFGUDA, YOUSUFGUDA CHECKPOST",en,1,8
2025-08-02,RCT,HYDERABAD,KHARATABAD II (EB),"GOVT. PS YOUSUFGUDA, YOUSUFGUDA CHECKPOST",en,3,1
2025-08-02,RCT,HYDERABAD,KHARATABAD II (EB),"GOVT. PS YOUSUFGUDA, YOUSUFGUDA CHECKPOST",en,4,1
2025-08-02,RCT,HYDERABAD,KHARATABAD II (EB),"GOVT. PS YOUSUFGUDA, YOUSUFGUDA CHECKPOST",te,1,13
2025-08-02,RCT,HYDERABAD,MAREDPALLY,"GOVT. PS LALAPET, LALAPET",en,1,8
2025-08-02,RCT,HYDERABAD,MAREDPALLY,"GOVT. PS LALAPET, LALAPET",en,4,2
2025-08-02,RCT,HYDERABAD,MAREDPALLY,"GOVT. PS LALAPET, LALAPET",en,5,1
2025-08-02,RCT,HYDERABAD,MAREDPALLY,"GOVT. PS LALAPET, LALAPET",te,1,6
2025-08-02,RCT,HYDERABAD,NAMPALLY,"GOVT. PS(G)MAHABOOBIA, GUNFOUNDRY",en,1,8
2025-08-02,RCT,HYDERABAD,NAMPALLY,"GOVT. PS(G)MAHABOOBIA, GUNFOUNDRY",en,3,1
2025-08-02,RCT,HYDERABAD,NAMPALLY,"GOVT. PS(G)MAHABOOBIA, GUNFOUNDRY",en,6,2
2025-08-02,RCT,HYDERABAD,SAIDABAD II (EB),GOVT. PS GADDIANNARAM POCHAMMABASTI GADDIANNARAM,en,1,3
2025-08-02,RCT,HYDERABAD,SAIDABAD II (EB),GOVT. PS GADDIANNARAM POCHAMMABASTI GADDIANNARAM,en,2,1
2025-08-02,RCT,HYDERABAD,SAIDABAD II (EB),GOVT. PS GADDIANNARAM POCHAMMABASTI GADDIANNARAM,en,4,1
2025-08-02,RCT,HYDERABAD,SAIDABAD II (EB),GOVT. PS GADDIANNARAM POCHAMMABASTI GADDIANNARAM,en,5,1
2025-08-02,RCT,HYDERABAD,SAIDABAD II (EB),GOVT. PS GADDIANNARAM POCHAMMABASTI GADDIANNARAM,te,1,17
2025-08-02,RCT,HYDERABAD,SAIDABAD II (EB),GOVT. PS SHANKESHWARBAZAR SHANKESHWARBAZAR,en,1,9
2025-08-02,RCT,HYDERABAD,SAIDABAD II (EB),GOVT. PS SHANKESHWARBAZAR SHANKESHWARBAZAR,en,3,2
2025-08-02,RCT,HYDERABAD,SAIDABAD II (EB),GOVT. PS SHANKESHWARBAZAR SHANKESHWARBAZAR,en,6,1
2025-08-02,RCT,HYDERABAD,SAIDABAD II (EB),GOVT. PS SHANKESHWARBAZAR SHANKESHWARBAZAR,te,1,15
2025-08-03,RCT,HYDERABAD,HIMAYATNAGAR,GOVT  PS(M)NARAYANAGUDA  OPP OLD MLA QTRS,en,1,7
2025-08-03,RCT,HYDERABAD,HIMAYATNAGAR,GOVT  PS(M)NARAYANAGUDA  OPP OLD MLA QTRS,en,3,1
2025-08-03,RCT,HYDERABAD,HIMAYATNAGAR,GOVT  PS(M)NARAYANAGUDA  OPP OLD MLA QTRS,en,4,1
2025-08-03,RCT,HYDERABAD,HIMAYATNAGAR,GOVT  PS(M)NARAYANAGUDA  OPP OLD MLA QTRS,te,1,5
2025-08-03,RCT,HYDERABAD,KHARATABAD II (EB),"GOVT. PS YOUSUFGUDA, YOUSUFGUDA CHECKPOST",en,1,8
2025-08-03,RCT,HYDERABAD,KHARATABAD II (EB),"GOVT. PS YOUSUFGUDA, YOUSUFGUDA CHECKPOST",en,3,1
2025-08-03,RCT,HYDERABAD,KHARATABAD II (EB),"GOVT. PS YOUSUFGUDA, YOUSUFGUDA CHECKPOST",en,4,1
2025-08-03,RCT,HYDERABAD,KHARATABAD II (EB),"GOVT. PS YOUSUFGUDA, YOUSUFGUDA CHECKPOST",te,1,13
2025-08-03,RCT,HYDERABAD,MAREDPALLY,"GOVT. PS LALAPET, LALAPET",en,1,8
2025-08-03,RCT,HYDERABAD,MAREDPALLY,"GOVT. PS LALAPET, LALAPET",en,4,2
2025-08-03,RCT,HYDERABAD,MAREDPALLY,"GOVT. PS LALAPET, LALAPET",en,5,1
2025-08-03,RCT,HYDERABAD,MAREDPALLY,"GOVT. PS LALAPET, LALAPET",te,1,6
2025-08-03,RCT,HYDERABAD,NAMPALLY,"GOVT. PS(G)MAHABOOBIA, GUNFOUNDRY",en,1,8
2025-08-03,RCT,HYDERABAD,NAMPALLY,"GOVT. PS(G)MAHABOOBIA, GUNFOUNDRY",en,3,1
2025-08-03,RCT,HYDERABAD,NAMPALLY,"GOVT. PS(G)MAHABOOBIA, GUNFOUNDRY",en,6,2
2025-08-03,RCT,HYDERABAD,SAIDABAD II (EB),GOVT. PS GADDIANNARAM POCHAMMABASTI GADDIANNARAM,en,1,3
2025-08-03,RCT,HYDERABAD,SAIDABAD II (EB),GOVT. PS GADDIANNARAM POCHAMMABASTI GADDIANNARAM,en,2,1
2025-08-03,RCT,HYDERABAD,SAIDABAD II (EB),GOVT. PS GADDIANNARAM POCHAMMABASTI GADDIANNARAM,en,4,1
2025-08-03,RCT,HYDERABAD,SAIDABAD II (EB),GOVT. PS GADDIANNARAM POCHAMMABASTI GADDIANNARAM,en,5,1
2025-08-03,RCT,HYDERABAD,SAIDABAD II (EB),GOVT. PS GADDIANNARAM POCHAMMABASTI GADDIANNARAM,te,1,17
2025-08-03,RCT,HYDERABAD,SAIDABAD II (EB),GOVT. PS SHANKESHWARBAZAR SHANKESHWARBAZAR,en,1,9
2025-08-03,RCT,HYDERABAD,SAIDABAD II (EB),GOVT. PS SHANKESHWARBAZAR SHANKESHWARBAZAR,en,3,2
2025-08-03,RCT,HYDERABAD,SAIDABAD II (EB),GOVT. PS SHANKESHWARBAZAR SHANKESHWARBAZAR,en,6,1
2025-08-03,RCT,HYDERABAD,SAIDABAD II (EB),GOVT. PS SHANKESHWARBAZAR SHANKESHWARBAZAR,te,1,15
2025-08-04,LAB,BENGALURU,JP NAGAR,KPS PRIMARY SCHOOL,en,1,10
2025-08-04,LAB,BENGALURU,JP NAGAR,KPS PRIMARY SCHOOL,en,2,3
2025-08-04,LAB,BENGALURU,JP NAGAR,KPS PRIMARY SCHOOL,en,4,5
2025-08-04,LAB,BENGALURU,JP NAGAR,KPS PRIMARY SCHOOL,en,5,1
2025-08-04,LAB,BENGALURU,JP NAGAR,KPS PRIMARY SCHOOL,kn,1,4
2025-08-04,RCT,HYDERABAD,HIMAYATNAGAR,GOVT  PS(M)NARAYANAGUDA  OPP OLD MLA QTRS,en,1,7
2025-08-04,RCT,HYDERABAD,HIMAYATNAGAR,GOVT  PS(M)NARAYANAGUDA  OPP OLD MLA QTRS,en,3,1
2025-08-04,RCT,HYDERABAD,HIMAYATNAGAR,GOVT  PS(M)NARAYANAGUDA  OPP OLD MLA QTRS,en,4,1
2025-08-04,RCT,HYDERABAD,HIMAYATNAGAR,GOVT  PS(M)NARAYANAGUDA  OPP OLD MLA QTRS,te,1,5
2025-08-04,RCT,HYDERABAD,KHARATABAD II (EB),"GOVT. PS YOUSUFGUDA, YOUSUFGUDA CHECKPOST",en,1,7
2025-08-04,RCT,HYDERABAD,KHARATABAD II (EB),"GOVT. PS YOUSUFGUDA, YOUSUFGUDA CHECKPOST",en,2,1
2025-08-04,RCT,HYDERABAD,KHARATABAD II (EB),"GOVT. PS YOUSUFGUDA, YOUSUFGUDA CHECKPOST",en,3,1
2025-08-04,RCT,HYDERABAD,KHARATABAD II (EB),"GOVT. PS YOUSUFGUDA, YOUSUFGUDA CHECKPOST",en,4,1
2025-08-04,RCT,HYDERABAD,KHARATABAD II (EB),"GOVT. PS YOUSUFGUDA, YOUSUFGUDA CHECKPOST",te,1,13
2025-08-04,RCT,HYDERABAD,MAREDPALLY,"GOVT. PS LALAPET, LALAPET",en,1,8
2025-08-04,RCT,HYDERABAD,MAREDPALLY,"GOVT. PS LALAPET, LALAPET",en,4,2
2025-08-04,RCT,HYDERABAD,MAREDPALLY,"GOVT. PS LALAPET, LALAPET",en,5,1
2025-08-04,RCT,HYDERABAD,MAREDPALLY,"GOVT. PS LALAPET, LALAPET",te,1,6
2025-08-04,RCT,HYDERABAD,NAMPALLY,"GOVT. PS(G)MAHABOOBIA, GUNFOUNDRY",en,1,8
2025-08-04,RCT,HYDERABAD,NAMPALLY,"GOVT. PS(G)MAHABOOBIA, GUNFOUNDRY",en,3,1
2025-08-04,RCT,HYDERABAD,NAMPALLY,"GOVT. PS(G)MAHABOOBIA, GUNFOUNDRY",en,6,2
2025-08-04,RCT,HYDERABAD,SAIDABAD II (EB),GOVT. PS GADDIANNARAM POCHAMMABASTI GADDIANNARAM,en,1,3
2025-08-04,RCT,HYDERABAD,SAIDABAD II (EB),GOVT. PS GADDIANNARAM POCHAMMABASTI GADDIANNARAM,en,2,1
2025-08-04,RCT,HYDERABAD,SAIDABAD II (EB),GOVT. PS GADDIANNARAM POCHAMMABASTI GADDIANNARAM,en,4,1
2025-08-04,RCT,HYDERABAD,SAIDABAD II (EB),GOVT. PS GADDIANNARAM POCHAMMABASTI GADDIANNARAM,en,5,1
2025-08-04,RCT,HYDERABAD,SAIDABAD II (EB),GOVT. PS GADDIANNARAM POCHAMMABASTI GADDIANNARAM,te,1,17
2025-08-04,RCT,HYDERABAD,SAIDABAD II (EB),GOVT. PS SHANKESHWARBAZAR SHANKESHWARBAZAR,en,1,9
2025-08-04,RCT,HYDERABAD,SAIDABAD II (EB),GOVT. PS SHANKESHWARBAZAR SHANKESHWARBAZAR,en,3,2
2025-08-04,RCT,HYDERABAD,SAIDABAD II (EB),GOVT. PS SHANKESHWARBAZAR SHANKESHWARBAZAR,en,6,1
2025-08-04,RCT,HYDERABAD,SAIDABAD II (EB),GOVT. PS SHANKESHWARBAZAR SHANKESHWARBAZAR,te,1,15
2025-08-05,LAB,BENGALURU,JP NAGAR,KPS PRIMARY SCHOOL,en,1,11
2025-08-05,LAB,BENGALURU,JP NAGAR,KPS PRIMARY SCHOOL,en,2,6
2025-08-05,LAB,BENGALURU,JP NAGAR,KPS PRIMARY SCHOOL,en,4,4
2025-08-05,LAB,BENGALURU,JP NAGAR,KPS PRIMARY SCHOOL,en,5,3
2025-08-05,LAB,BENGALURU,JP NAGAR,KPS PRIMARY SCHOOL,kn,1,18
2025-08-05,RCT,HYDERABAD,HIMAYATNAGAR,GOVT  PS(M)NARAYANAGUDA  OPP OLD MLA QTRS,en,1,7
2025-08-05,RCT,HYDERABAD,HIMAYATNAGAR,GOVT  PS(M)NARAYANAGUDA  OPP OLD MLA QTRS,en,3,1
2025-08-05,RCT,HYDERABAD,HIMAYATNAGAR,GOVT  PS(M)NARAYANAGUDA  OPP OLD MLA QTRS,en,5,1
2025-08-05,RCT,HYDERABAD,HIMAYATNAGAR,GOVT  PS(M)NARAYANAGUDA  OPP OLD MLA QTRS,te,1,5
2025-08-05,RCT,HYDERABAD,KHARATABAD II (EB),"GOVT. PS YOUSUFGUDA, YOUSUFGUDA CHECKPOST",en,1,7
2025-08-05,RCT,HYDERABAD,KHARATABAD II (EB),"GOVT. PS YOUSUFGUDA, YOUSUFGUDA CHECKPOST",en,2,1
2025-08-05,RCT,HYDERABAD,KHARATABAD II (EB),"GOVT. PS YOUSUFGUDA, YOUSUFGUDA CHECKPOST",en,3,1
2025-08-05,RCT,HYDERABAD,KHARATABAD II (EB),"GOVT. PS YOUSUFGUDA, YOUSUFGUDA CHECKPOST",en,4,1
2025-08-05,RCT,HYDERABAD,KHARATABAD II (EB),"GOVT. PS YOUSUFGUDA, YOUSUFGUDA CHECKPOST",te,1,13
2025-08-05,RCT,HYDERABAD,MAREDPALLY,"GOVT. PS LALAPET, LALAPET",en,1,8
2025-08-05,RCT,HYDERABAD,MAREDPALLY,"GOVT. PS LALAPET, LALAPET",en,4,2
2025-08-05,RCT,HYDERABAD,MAREDPALLY,"GOVT. PS LALAPET, LALAPET",en,5,1
2025-08-05,RCT,HYDERABAD,MAREDPALLY,"GOVT. PS LALAPET, LALAPET",te,1,6
2025-08-05,RCT,HYDERABAD,NAMPALLY,"GOVT. PS(G)MAHABOOBIA, GUNFOUNDRY",en,1,8
2025-08-05,RCT,HYDERABAD,NAMPALLY,"GOVT. PS(G)MAHABOOBIA, GUNFOUNDRY",en,2,1
2025-08-05,RCT,HYDERABAD,NAMPALLY,"GOVT. PS(G)MAHABOOBIA, GUNFOUNDRY",en,3,1
2025-08-05,RCT,HYDERABAD,NAMPALLY,"GOVT. PS(G)MAHABOOBIA, GUNFOUNDRY",en,6,2
2025-08-05,RCT,HYDERABAD,SAIDABAD II (EB),GOVT. PS GADDIANNARAM POCHAMMABASTI GADDIANNARAM,en,1,3
2025-08-05,RCT,HYDERABAD,SAIDABAD II (EB),GOVT. PS GADDIANNARAM POCHAMMABASTI GADDIANNARAM,en,2,1
2025-08-05,RCT,HYDERABAD,SAIDABAD II (EB),GOVT. PS GADDIANNARAM POCHAMMABASTI GADDIANNARAM,en,4,1
2025-08-05,RCT,HYDERABAD,SAIDABAD II (EB),GOVT. PS GADDIANNARAM POCHAMMABASTI GADDIANNARAM,en,6,1
2025-08-05,RCT,HYDERABAD,SAIDABAD II (EB),GOVT. PS GADDIANNARAM POCHAMMABASTI GADDIANNARAM,te,1,17
2025-08-05,RCT,HYDERABAD,SAIDABAD II (EB),GOVT. PS SHANKESHWARBAZAR SHANKESHWARBAZAR,en,1,9
2025-08-05,RCT,HYDERABAD,SAIDABAD II (EB),GOVT. PS SHANKESHWARBAZAR SHANKESHWARBAZAR,en,3,1
2025-08-05,RCT,HYDERABAD,SAIDABAD II (EB),GOVT. PS SHANKESHWARBAZAR SHANKESHWARBAZAR,en,4,1
2025-08-05,RCT,HYDERABAD,SAIDABAD II (EB),GOVT. PS SHANKESHWARBAZAR SHANKESHWARBAZAR,en,6,1
2025-08-05,RCT,HYDERABAD,SAIDABAD II (EB),GOVT. PS SHANKESHWARBAZAR SHANKESHWARBAZAR,te,1,15
2025-08-06,LAB,BENGALURU,JP NAGAR,KPS PRIMARY SCHOOL,en,1,14
2025-08-06,LAB,BENGALURU,JP NAGAR,KPS PRIMARY SCHOOL,en,2,6
2025-08-06,LAB,BENGALURU,JP NAGAR,KPS PRIMARY SCHOOL,en,4,2
2025-08-06,LAB,BENGALURU,JP NAGAR,KPS PRIMARY SCHOOL,en,5,3
2025-08-06,LAB,BENGALURU,JP NAGAR,KPS PRIMARY SCHOOL,en,6,1
2025-08-06,LAB,BENGALURU,JP NAGAR,KPS PRIMARY SCHOOL,en,7,1
2025-08-06,LAB,BENGALURU,JP NAGAR,KPS PRIMARY SCHOOL,kn,1,26
2025-08-06,RCT,HYDERABAD,HIMAYATNAGAR,GOVT  PS(M)NARAYANAGUDA  OPP OLD MLA QTRS,en,1,7
2025-08-06,RCT,HYDERABAD,HIMAYATNAGAR,GOVT  PS(M)NARAYANAGUDA  OPP OLD MLA QTRS,en,3,1
2025-08-06,RCT,HYDERABAD,HIMAYATNAGAR,GOVT  PS(M)NARAYANAGUDA  OPP OLD MLA QTRS,en,5,1
2025-08-06,RCT,HYDERABAD,HIMAYATNAGAR,GOVT  PS(M)NARAYANAGUDA  OPP OLD MLA QTRS,te,1,5
2025-08-06,RCT,HYDERABAD,KHARATABAD II (EB),"GOVT. PS YOUSUFGUDA, YOUSUFGUDA CHECKPOST",en,1,7
2025-08-06,RCT,HYDERABAD,KHARATABAD II (EB),"GOVT. PS YOUSUFGUDA, YOUSUFGUDA CHECKPOST",en,2,1
2025-08-06,RCT,HYDERABAD,KHARATABAD II (EB),"GOVT. PS YOUSUFGUDA, YOUSUFGUDA CHECKPOST",en,3,1
2025-08-06,RCT,HYDERABAD,KHARATABAD II (EB),"GOVT. PS YOUSUFGUDA, YOUSUFGUDA CHECKPOST",en,4,1
2025-08-06,RCT,HYDERABAD,KHARATABAD II (EB),"GOVT. PS YOUSUFGUDA, YOUSUFGUDA CHECKPOST",te,1,13
2025-08-06,RCT,HYDERABAD,MAREDPALLY,"GOVT. PS LALAPET, LALAPET",en,1,8
2025-08-06,RCT,HYDERABAD,MAREDPALLY,"GOVT. PS LALAPET, LALAPET",en,4,2
2025-08-06,RCT,HYDERABAD,MAREDPALLY,"GOVT. PS LALAPET, LALAPET",en,5,1
2025-08-06,RCT,HYDERABAD,MAREDPALLY,"GOVT. PS LALAPET, LALAPET",te,1,6
2025-08-06,RCT,HYDERABAD,NAMPALLY,"GOVT. PS(G)MAHABOOBIA, GUNFOUNDRY",en,1,8
2025-08-06,RCT,HYDERABAD,NAMPALLY,"GOVT. PS(G)MAHABOOBIA, GUNFOUNDRY",en,2,1
2025-08-06,RCT,HYDERABAD,NAMPALLY,"GOVT. PS(G)MAHABOOBIA, GUNFOUNDRY",en,3,1
2025-08-06,RCT,HYDERABAD,NAMPALLY,"GOVT. PS(G)MAHABOOBIA, GUNFOUNDRY",en,6,2
2025-08-06,RCT,HYDERABAD,SAIDABAD II (EB),GOVT. PS GADDIANNARAM POCHAMMABASTI GADDIANNARAM,en,1,3
2025-08-06,RCT,HYDERABAD,SAIDABAD II (EB),GOVT. PS GADDIANNARAM POCHAMMABASTI GADDIANNARAM,en,2,1
2025-08-06,RCT,HYDERABAD,SAIDABAD II (EB),GOVT. PS GADDIANNARAM POCHAMMABASTI GADDIANNARAM,en,6,2
2025-08-06,RCT,HYDERABAD,SAIDABAD II (EB),GOVT. PS GADDIANNARAM POCHAMMABASTI GADDIANNARAM,te,1,17
2025-08-06,RCT,HYDERABAD,SAIDABAD II (EB),GOVT. PS SHANKESHWARBAZAR SHANKESHWARBAZAR,en,1,9
2025-08-06,RCT,HYDERABAD,SAIDABAD II (EB),GOVT. PS SHANKESHWARBAZAR SHANKESHWARBAZAR,en,3,1
2025-08-06,RCT,HYDERABAD,SAIDABAD II (EB),GOVT. PS SHANKESHWARBAZAR SHANKESHWARBAZAR,en,4,1
2025-08-06,RCT,HYDERABAD,SAIDABAD II (EB),GOVT. PS SHANKESHWARBAZAR SHANKESHWARBAZAR,en,6,1
2025-08-06,RCT,HYDERABAD,SAIDABAD II (EB),GOVT. PS SHANKESHWARBAZAR SHANKESHWARBAZAR,te,1,16
2025-08-07,LAB,BENGALURU,JP NAGAR,KPS PRIMARY SCHOOL,en,1,18
2025-08-07,LAB,BENGALURU,JP NAGAR,KPS PRIMARY SCHOOL,en,2,7
2025-08-07,LAB,BENGALURU,JP NAGAR,KPS PRIMARY SCHOOL,en,4,2
2025-08-07,LAB,BENGALURU,JP NAGAR,KPS PRIMARY SCHOOL,en,5,2
2025-08-07,LAB,BENGALURU,JP NAGAR,KPS PRIMARY SCHOOL,en,6,3
2025-08-07,LAB,BENGALURU,JP NAGAR,KPS PRIMARY SCHOOL,en,8,1
2025-08-07,LAB,BENGALURU,JP NAGAR,KPS PRIMARY SCHOOL,kn,1,30
2025-08-07,RCT,HYDERABAD,HIMAYATNAGAR,GOVT  PS(M)NARAYANAGUDA  OPP OLD MLA QTRS,en,1,7
2025-08-07,RCT,HYDERABAD,HIMAYATNAGAR,GOVT  PS(M)NARAYANAGUDA  OPP OLD MLA QTRS,en,3,1
2025-08-07,RCT,HYDERABAD,HIMAYATNAGAR,GOVT  PS(M)NARAYANAGUDA  OPP OLD MLA QTRS,en,5,1
2025-08-07,RCT,HYDERABAD,HIMAYATNAGAR,GOVT  PS(M)NARAYANAGUDA  OPP OLD MLA QTRS,te,1,5
2025-08-07,RCT,HYDERABAD,KHARATABAD II (EB),"GOVT. PS YOUSUFGUDA, YOUSUFGUDA CHECKPOST",en,1,7
2025-08-07,RCT,HYDERABAD,KHARATABAD II (EB),"GOVT. PS YOUSUFGUDA, YOUSUFGUDA CHECKPOST",en,2,1
2025-08-07,RCT,HYDERABAD,KHARATABAD II (EB),"GOVT. PS YOUSUFGUDA, YOUSUFGUDA CHECKPOST",en,3,1
2025-08-07,RCT,HYDERABAD,KHARATABAD II (EB),"GOVT. PS YOUSUFGUDA, YOUSUFGUDA CHECKPOST",en,4,1
2025-08-07,RCT,HYDERABAD,KHARATABAD II (EB),"GOVT. PS YOUSUFGUDA, YOUSUFGUDA CHECKPOST",te,1,13
2025-08-07,RCT,HYDERABAD,MAREDPALLY,"GOVT. PS LALAPET, LALAPET",en,1,8
2025-08-07,RCT,HYDERABAD,MAREDPALLY,"GOVT. PS LALAPET, LALAPET",en,4,1
2025-08-07,RCT,HYDERABAD,MAREDPALLY,"GOVT. PS LALAPET, LALAPET",en,6,2
2025-08-07,RCT,HYDERABAD,MAREDPALLY,"GOVT. PS LALAPET, LALAPET",te,1,6
2025-08-07,RCT,HYDERABAD,NAMPALLY,"GOVT. PS(G)MAHABOOBIA, GUNFOUNDRY",en,1,6
2025-08-07,RCT,HYDERABAD,NAMPALLY,"GOVT. PS(G)MAHABOOBIA, GUNFOUNDRY",en,2,3
2025-08-07,RCT,HYDERABAD,NAMPALLY,"GOVT. PS(G)MAHABOOBIA, GUNFOUNDRY",en,4,1
2025-08-07,RCT,HYDERABAD,NAMPALLY,"GOVT. PS(G)MAHABOOBIA, GUNFOUNDRY",en,6,2
2025-08-07,RCT,HYDERABAD,SAIDABAD II (EB),GOVT. PS GADDIANNARAM POCHAMMABASTI GADDIANNARAM,en,1,3
2025-08-07,RCT,HYDERABAD,SAIDABAD II (EB),GOVT. PS GADDIANNARAM POCHAMMABASTI GADDIANNARAM,en,2,1
2025-08-07,RCT,HYDERABAD,SAIDABAD II (EB),GOVT. PS GADDIANNARAM POCHAMMABASTI GADDIANNARAM,en,6,2
2025-08-07,RCT,HYDERABAD,SAIDABAD II (EB),GOVT. PS GADDIANNARAM POCHAMMABASTI GADDIANNARAM,te,1,17
2025-08-07,RCT,HYDERABAD,SAIDABAD II (EB),GOVT. PS SHANKESHWARBAZAR SHANKESHWARBAZAR,en,1,10
2025-08-07,RCT,HYDERABAD,SAIDABAD II (EB),GOVT. PS SHANKESHWARBAZAR SHANKESHWARBAZAR,en,3,1
2025-08-07,RCT,HYDERABAD,SAIDABAD II (EB),GOVT. PS SHANKESHWARBAZAR SHANKESHWARBAZAR,en,4,1
2025-08-07,RCT,HYDERABAD,SAIDABAD II (EB),GOVT. PS SHANKESHWARBAZAR SHANKESHWARBAZAR,en,6,1
2025-08-07,RCT,HYDERABAD,SAIDABAD II (EB),GOVT. PS SHANKESHWARBAZAR SHANKESHWARBAZAR,te,1,17
2025-08-08,LAB,BENGALURU,JP NAGAR,KPS PRIMARY SCHOOL,en,1,18
2025-08-08,LAB,BENGALURU,JP NAGAR,KPS PRIMARY SCHOOL,en,2,7
2025-08-08,LAB,BENGALURU,JP NAGAR,KPS PRIMARY SCHOOL,en,4,2
2025-08-08,LAB,BENGALURU,JP NAGAR,KPS PRIMARY SCHOOL,en,5,2
2025-08-08,LAB,BENGALURU,JP NAGAR,KPS PRIMARY SCHOOL,en,6,3
2025-08-08,LAB,BENGALURU,JP NAGAR,KPS PRIMARY SCHOOL,en,8,1
2025-08-08,LAB,BENGALURU,JP NAGAR,KPS PRIMARY SCHOOL,kn,1,30
2025-08-08,RCT,HYDERABAD,HIMAYATNAGAR,GOVT  PS(M)NARAYANAGUDA  OPP OLD MLA QTRS,en,1,7
2025-08-08,RCT,HYDERABAD,HIMAYATNAGAR,GOVT  PS(M)NARAYANAGUDA  OPP OLD MLA QTRS,en,3,1
2025-08-08,RCT,HYDERABAD,HIMAYATNAGAR,GOVT  PS(M)NARAYANAGUDA  OPP OLD MLA QTRS,en,5,1
2025-08-08,RCT,HYDERABAD,HIMAYATNAGAR,GOVT  PS(M)NARAYANAGUDA  OPP OLD MLA QTRS,te,1,5
2025-08-08,RCT,HYDERABAD,KHARATABAD II (EB),"GOVT. PS YOUSUFGUDA, YOUSUFGUDA CHECKPOST",en,1,7
2025-08-08,RCT,HYDERABAD,KHARATABAD II (EB),"GOVT. PS YOUSUFGUDA, YOUSUFGUDA CHECKPOST",en,2,1
2025-08-08,RCT,HYDERABAD,KHARATABAD II (EB),"GOVT. PS YOUSUFGUDA, YOUSUFGUDA CHECKPOST",en,3,1
2025-08-08,RCT,HYDERABAD,KHARATABAD II (EB),"GOVT. PS YOUSUFGUDA, YOUSUFGUDA CHECKPOST",en,4,1
2025-08-08,RCT,HYDERABAD,KHARATABAD II (EB),"GOVT. PS YOUSUFGUDA, YOUSUFGUDA CHECKPOST",te,1,13
2025-08-08,RCT,HYDERABAD,MAREDPALLY,"GOVT. PS LALAPET, LALAPET",en,1,8
2025-08-08,RCT,HYDERABAD,MAREDPALLY,"GOVT. PS LALAPET, LALAPET",en,4,1
2025-08-08,RCT,HYDERABAD,MAREDPALLY,"GOVT. PS LALAPET, LALAPET",en,6,2
2025-08-08,RCT,HYDERABAD,MAREDPALLY,"GOVT. PS LALAPET, LALAPET",te,1,6
2025-08-08,RCT,HYDERABAD,NAMPALLY,"GOVT. PS(G)MAHABOOBIA, GUNFOUNDRY",en,1,6
2025-08-08,RCT,HYDERABAD,NAMPALLY,"GOVT. PS(G)MAHABOOBIA, GUNFOUNDRY",en,2,3
2025-08-08,RCT,HYDERABAD,NAMPALLY,"GOVT. PS(G)MAHABOOBIA, GUNFOUNDRY",en,4,1
2025-08-08,RCT,HYDERABAD,NAMPALLY,"GOVT. PS(G)MAHABOOBIA, GUNFOUNDRY",en,6,2
2025-08-08,RCT,HYDERABAD,SAIDABAD II (EB),GOVT. PS GADDIANNARAM POCHAMMABASTI GADDIANNARAM,en,1,3
2025-08-08,RCT,HYDERABAD,SAIDABAD II (EB),GOVT. PS GADDIANNARAM POCHAMMABASTI GADDIANNARAM,en,2,1
2025-08-08,RCT,HYDERABAD,SAIDABAD II (EB),GOVT. PS GADDIANNARAM POCHAMMABASTI GADDIANNARAM,en,6,2
2025-08-08,RCT,HYDERABAD,SAIDABAD II (EB),GOVT. PS GADDIANNARAM POCHAMMABASTI GADDIANNARAM,te,1,17
2025-08-08,RCT,HYDERABAD,SAIDABAD II (EB),GOVT. PS SHANKESHWARBAZAR SHANKESHWARBAZAR,en,1,10
2025-08-08,RCT,HYDERABAD,SAIDABAD II (EB),GOVT. PS SHANKESHWARBAZAR SHANKESHWARBAZAR,en,3,1
2025-08-08,RCT,HYDERABAD,SAIDABAD II (EB),GOVT. PS SHANKESHWARBAZAR SHANKESHWARBAZAR,en,4,1
2025-08-08,RCT,HYDERABAD,SAIDABAD II (EB),GOVT. PS SHANKESHWARBAZAR SHANKESHWARBAZAR,en,6,1
2025-08-08,RCT,HYDERABAD,SAIDABAD II (EB),GOVT. PS SHANKESHWARBAZAR SHANKESHWARBAZAR,te,1,17
2025-08-09,LAB,BENGALURU,JP NAGAR,KPS PRIMARY SCHOOL,en,1,19
2025-08-09,LAB,BENGALURU,JP NAGAR,KPS PRIMARY SCHOOL,en,2,7
2025-08-09,LAB,BENGALURU,JP NAGAR,KPS PRIMARY SCHOOL,en,4,2
2025-08-09,LAB,BENGALURU,JP NAGAR,KPS PRIMARY SCHOOL,en,5,2
2025-08-09,LAB,BENGALURU,JP NAGAR,KPS PRIMARY SCHOOL,en,6,2
2025-08-09,LAB,BENGALURU,JP NAGAR,KPS PRIMARY SCHOOL,en,8,2
2025-08-09,LAB,BENGALURU,JP NAGAR,KPS PRIMARY SCHOOL,kn,1,32
2025-08-09,RCT,HYDERABAD,HIMAYATNAGAR,GOVT  PS(M)NARAYANAGUDA  OPP OLD MLA QTRS,en,1,7
2025-08-09,RCT,HYDERABAD,HIMAYATNAGAR,GOVT  PS(M)NARAYANAGUDA  OPP OLD MLA QTRS,en,3,1
2025-08-09,RCT,HYDERABAD,HIMAYATNAGAR,GOVT  PS(M)NARAYANAGUDA  OPP OLD MLA QTRS,en,5,1
2025-08-09,RCT,HYDERABAD,HIMAYATNAGAR,GOVT  PS(M)NARAYANAGUDA  OPP OLD MLA QTRS,te,1,5
2025-08-09,RCT,HYDERABAD,KHARATABAD II (EB),"GOVT. PS YOUSUFGUDA, YOUSUFGUDA CHECKPOST",en,1,7
2025-08-09,RCT,HYDERABAD,KHARATABAD II (EB),"GOVT. PS YOUSUFGUDA, YOUSUFGUDA CHECKPOST",en,2,1
2025-08-09,RCT,HYDERABAD,KHARATABAD II (EB),"GOVT. PS YOUSUFGUDA, YOUSUFGUDA CHECKPOST",en,3,1
2025-08-09,RCT,HYDERABAD,KHARATABAD II (EB),"GOVT. PS YOUSUFGUDA, YOUSUFGUDA CHECKPOST",en,4,1
2025-08-09,RCT,HYDERABAD,KHARATABAD II (EB),"GOVT. PS YOUSUFGUDA, YOUSUFGUDA CHECKPOST",te,1,13
2025-08-09,RCT,HYDERABAD,MAREDPALLY,"GOVT. PS LALAPET, LALAPET",en,1,8
2025-08-09,RCT,HYDERABAD,MAREDPALLY,"GOVT. PS LALAPET, LALAPET",en,4,1
2025-08-09,RCT,HYDERABAD,MAREDPALLY,"GOVT. PS LALAPET, LALAPET",en,6,2
2025-08-09,RCT,HYDERABAD,MAREDPALLY,"GOVT. PS LALAPET, LALAPET",te,1,6
2025-08-09,RCT,HYDERABAD,NAMPALLY,"GOVT. PS(G)MAHABOOBIA, GUNFOUNDRY",en,1,6
2025-08-09,RCT,HYDERABAD,NAMPALLY,"GOVT. PS(G)MAHABOOBIA, GUNFOUNDRY",en,2,3
2025-08-09,RCT,HYDERABAD,NAMPALLY,"GOVT. PS(G)MAHABOOBIA, GUNFOUNDRY",en,4,1
2025-08-09,RCT,HYDERABAD,NAMPALLY,"GOVT. PS(G)MAHABOOBIA, GUNFOUNDRY",en,6,2
2025-08-09,RCT,HYDERABAD,SAIDABAD II (EB),GOVT. PS GADDIANNARAM POCHAMMABASTI GADDIANNARAM,en,1,3
2025-08-09,RCT,HYDERABAD,SAIDABAD II (EB),GOVT. PS GADDIANNARAM POCHAMMABASTI GADDIANNARAM,en,2,1
2025-08-09,RCT,HYDERABAD,SAIDABAD II (EB),GOVT. PS GADDIANNARAM POCHAMMABASTI GADDIANNARAM,en,6,2
2025-08-09,RCT,HYDERABAD,SAIDABAD II (EB),GOVT. PS GADDIANNARAM POCHAMMABASTI GADDIANNARAM,te,1,17
2025-08-09,RCT,HYDERABAD,SAIDABAD II (EB),GOVT. PS SHANKESHWARBAZAR SHANKESHWARBAZAR,en,1,10
2025-08-09,RCT,HYDERABAD,SAIDABAD II (EB),GOVT. PS SHANKESHWARBAZAR SHANKESHWARBAZAR,en,3,1
2025-08-09,RCT,HYDERABAD,SAIDABAD II (EB),GOVT. PS SHANKESHWARBAZAR SHANKESHWARBAZAR,en,4,1
2025-08-09,RCT,HYDERABAD,SAIDABAD II (EB),GOVT. PS SHANKESHWARBAZAR SHANKESHWARBAZAR,en,6,1
2025-08-09,RCT,HYDERABAD,SAIDABAD II (EB),GOVT. PS SHANKESHWARBAZAR SHANKESHWARBAZAR,te,1,17
2025-08-10,LAB,BENGALURU,JP NAGAR,KPS PRIMARY SCHOOL,en,1,19
2025-08-10,LAB,BENGALURU,JP NAGAR,KPS PRIMARY SCHOOL,en,2,7
2025-08-10,LAB,BENGALURU,JP NAGAR,KPS PRIMARY SCHOOL,en,4,2
2025-08-10,LAB,BENGALURU,JP NAGAR,KPS PRIMARY SCHOOL,en,5,2
2025-08-10,LAB,BENGALURU,JP NAGAR,KPS PRIMARY SCHOOL,en,6,2
2025-08-10,LAB,BENGALURU,JP NAGAR,KPS PRIMARY SCHOOL,en,8,2
2025-08-10,LAB,BENGALURU,JP NAGAR,KPS PRIMARY SCHOOL,kn,1,32
2025-08-10,RCT,HYDERABAD,HIMAYATNAGAR,GOVT  PS(M)NARAYANAGUDA  OPP OLD MLA QTRS,en,1,7
2025-08-10,RCT,HYDERABAD,HIMAYATNAGAR,GOVT  PS(M)NARAYANAGUDA  OPP OLD MLA QTRS,en,3,1
2025-08-10,RCT,HYDERABAD,HIMAYATNAGAR,GOVT  PS(M)NARAYANAGUDA  OPP OLD MLA QTRS,en,5,1
2025-08-10,RCT,HYDERABAD,HIMAYATNAGAR,GOVT  PS(M)NARAYANAGUDA  OPP OLD MLA QTRS,te,1,5
2025-08-10,RCT,HYDERABAD,KHARATABAD II (EB),"GOVT. PS YOUSUFGUDA, YOUSUFGUDA CHECKPOST",en,1,7
2025-08-10,RCT,HYDERABAD,KHARATABAD II (EB),"GOVT. PS YOUSUFGUDA, YOUSUFGUDA CHECKPOST",en,2,1
2025-08-10,RCT,HYDERABAD,KHARATABAD II (EB),"GOVT. PS YOUSUFGUDA, YOUSUFGUDA CHECKPOST",en,3,1
2025-08-10,RCT,HYDERABAD,KHARATABAD II (EB),"GOVT. PS YOUSUFGUDA, YOUSUFGUDA CHECKPOST",en,4,1
2025-08-10,RCT,HYDERABAD,KHARATABAD II (EB),"GOVT. PS YOUSUFGUDA, YOUSUFGUDA CHECKPOST",te,1,13
2025-08-10,RCT,HYDERABAD,MAREDPALLY,"GOVT. PS LALAPET, LALAPET",en,1,8
2025-08-10,RCT,HYDERABAD,MAREDPALLY,"GOVT. PS LALAPET, LALAPET",en,4,1
2025-08-10,RCT,HYDERABAD,MAREDPALLY,"GOVT. PS LALAPET, LALAPET",en,6,2
2025-08-10,RCT,HYDERABAD,MAREDPALLY,"GOVT. PS LALAPET, LALAPET",te,1,6
2025-08-10,RCT,HYDERABAD,NAMPALLY,"GOVT. PS(G)MAHABOOBIA, GUNFOUNDRY",en,1,6
2025-08-10,RCT,HYDERABAD,NAMPALLY,"GOVT. PS(G)MAHABOOBIA, GUNFOUNDRY",en,2,3
2025-08-10,RCT,HYDERABAD,NAMPALLY,"GOVT. PS(G)MAHABOOBIA, GUNFOUNDRY",en,4,1
2025-08-10,RCT,HYDERABAD,NAMPALLY,"GOVT. PS(G)MAHABOOBIA, GUNFOUNDRY",en,6,2
2025-08-10,RCT,HYDERABAD,SAIDABAD II (EB),GOVT. PS GADDIANNARAM POCHAMMABASTI GADDIANNARAM,en,1,3
2025-08-10,RCT,HYDERABAD,SAIDABAD II (EB),GOVT. PS GADDIANNARAM POCHAMMABASTI GADDIANNARAM,en,2,1
2025-08-10,RCT,HYDERABAD,SAIDABAD II (EB),GOVT. PS GADDIANNARAM POCHAMMABASTI GADDIANNARAM,en,6,2
2025-08-10,RCT,HYDERABAD,SAIDABAD II (EB),GOVT. PS GADDIANNARAM POCHAMMABASTI GADDIANNARAM,te,1,17
2025-08-10,RCT,HYDERABAD,SAIDABAD II (EB),GOVT. PS SHANKESHWARBAZAR SHANKESHWARBAZAR,en,1,10
2025-08-10,RCT,HYDERABAD,SAIDABAD II (EB),GOVT. PS SHANKESHWARBAZAR SHANKESHWARBAZAR,en,3,1
2025-08-10,RCT,HYDERABAD,SAIDABAD II (EB),GOVT. PS SHANKESHWARBAZAR SHANKESHWARBAZAR,en,4,1
2025-08-10,RCT,HYDERABAD,SAIDABAD II (EB),GOVT. PS SHANKESHWARBAZAR SHANKESHWARBAZAR,en,6,1
2025-08-10,RCT,HYDERABAD,SAIDABAD II (EB),GOVT. PS SHANKESHWARBAZAR SHANKESHWARBAZAR,te,1,17
2025-08-11,LAB,BENGALURU,JP NAGAR,KPS PRIMARY SCHOOL,en,1,19
2025-08-11,LAB,BENGALURU,JP NAGAR,KPS PRIMARY SCHOOL,en,2,7
2025-08-11,LAB,BENGALURU,JP NAGAR,KPS PRIMARY SCHOOL,en,4,2
2025-08-11,LAB,BENGALURU,JP NAGAR,KPS PRIMARY SCHOOL,en,5,2
2025-08-11,LAB,BENGALURU,JP NAGAR,KPS PRIMARY SCHOOL,en,6,2
2025-08-11,LAB,BENGALURU,JP NAGAR,KPS PRIMARY SCHOOL,en,8,2
2025-08-11,LAB,BENGALURU,JP NAGAR,KPS PRIMARY SCHOOL,kn,1,32
2025-08-11,RCT,HYDERABAD,HIMAYATNAGAR,GOVT  PS(M)NARAYANAGUDA  OPP OLD MLA QTRS,en,1,7
2025-08-11,RCT,HYDERABAD,HIMAYATNAGAR,GOVT  PS(M)NARAYANAGUDA  OPP OLD MLA QTRS,en,3,1
2025-08-11,RCT,HYDERABAD,HIMAYATNAGAR,GOVT  PS(M)NARAYANAGUDA  OPP OLD MLA QTRS,en,5,1
2025-08-11,RCT,HYDERABAD,HIMAYATNAGAR,GOVT  PS(M)NARAYANAGUDA  OPP OLD MLA QTRS,te,1,5
2025-08-11,RCT,HYDERABAD,KHARATABAD II (EB),"GOVT. PS YOUSUFGUDA, YOUSUFGUDA CHECKPOST",en,1,7
2025-08-11,RCT,HYDERABAD,KHARATABAD II (EB),"GOVT. PS YOUSUFGUDA, YOUSUFGUDA CHECKPOST",en,2,1
2025-08-11,RCT,HYDERABAD,KHARATABAD II (EB),"GOVT. PS YOUSUFGUDA, YOUSUFGUDA CHECKPOST",en,3,1
2025-08-11,RCT,HYDERABAD,KHARATABAD II (EB),"GOVT. PS YOUSUFGUDA, YOUSUFGUDA CHECKPOST",en,4,1
2025-08-11,RCT,HYDERABAD,KHARATABAD II (EB),"GOVT. PS YOUSUFGUDA, YOUSUFGUDA CHECKPOST",te,1,13
2025-08-11,RCT,HYDERABAD,MAREDPALLY,"GOVT. PS LALAPET, LALAPET",en,1,8
2025-08-11,RCT,HYDERABAD,MAREDPALLY,"GOVT. PS LALAPET, LALAPET",en,4,1
2025-08-11,RCT,HYDERABAD,MAREDPALLY,"GOVT. PS LALAPET, LALAPET",en,6,2
2025-08-11,RCT,HYDERABAD,MAREDPALLY,"GOVT. PS LALAPET, LALAPET",te,1,6
2025-08-11,RCT,HYDERABAD,NAMPALLY,"GOVT. PS(G)MAHABOOBIA, GUNFOUNDRY",en,1,5
2025-08-11,RCT,HYDERABAD,NAMPALLY,"GOVT. PS(G)MAHABOOBIA, GUNFOUNDRY",en,2,3
2025-08-11,RCT,HYDERABAD,NAMPALLY,"GOVT. PS(G)MAHABOOBIA, GUNFOUNDRY",en,4,2
2025-08-11,RCT,HYDERABAD,NAMPALLY,"GOVT. PS(G)MAHABOOBIA, GUNFOUNDRY",en,6,2
2025-08-11,RCT,HYDERABAD,SAIDABAD II (EB),GOVT. PS GADDIANNARAM POCHAMMABASTI GADDIANNARAM,en,1,3
2025-08-11,RCT,HYDERABAD,SAIDABAD II (EB),GOVT. PS GADDIANNARAM POCHAMMABASTI GADDIANNARAM,en,2,1
2025-08-11,RCT,HYDERABAD,SAIDABAD II (EB),GOVT. PS GADDIANNARAM POCHAMMABASTI GADDIANNARAM,en,6,1
2025-08-11,RCT,HYDERABAD,SAIDABAD II (EB),GOVT. PS GADDIANNARAM POCHAMMABASTI GADDIANNARAM,en,7,1
2025-08-11,RCT,HYDERABAD,SAIDABAD II (EB),GOVT. PS GADDIANNARAM POCHAMMABASTI GADDIANNARAM,te,1,17
2025-08-11,RCT,HYDERABAD,SAIDABAD II (EB),GOVT. PS SHANKESHWARBAZAR SHANKESHWARBAZAR,en,1,10
2025-08-11,RCT,HYDERABAD,SAIDABAD II (EB),GOVT. PS SHANKESHWARBAZAR SHANKESHWARBAZAR,en,3,1
2025-08-11,RCT,HYDERABAD,SAIDABAD II (EB),GOVT. PS SHANKESHWARBAZAR SHANKESHWARBAZAR,en,4,1
2025-08-11,RCT,HYDERABAD,SAIDABAD II (EB),GOVT. PS SHANKESHWARBAZAR SHANKESHWARBAZAR,en,6,1
2025-08-11,RCT,HYDERABAD,SAIDABAD II (EB),GOVT. PS SHANKESHWARBAZAR SHANKESHWARBAZAR,te,1,17
2025-08-12,LAB,BENGALURU,JP NAGAR,KPS PRIMARY SCHOOL,en,1,19
2025-08-12,LAB,BENGALURU,JP NAGAR,KPS PRIMARY SCHOOL,en,2,8
2025-08-12,LAB,BENGALURU,JP NAGAR,KPS PRIMARY SCHOOL,en,4,2
2025-08-12,LAB,BENGALURU,JP NAGAR,KPS PRIMARY SCHOOL,en,5,2
2025-08-12,LAB,BENGALURU,JP NAGAR,KPS PRIMARY SCHOOL,en,6,2
2025-08-12,LAB,BENGALURU,JP NAGAR,KPS PRIMARY SCHOOL,en,8,2
2025-08-12,LAB,BENGALURU,JP NAGAR,KPS PRIMARY SCHOOL,kn,1,35
2025-08-12,LAB,HOSUR,MULLAINAGAR,GOVERNMENT HIGHER SECONDARY SCHOOL MULLAINAGAR,en,1,8
2025-08-12,RCT,HYDERABAD,HIMAYATNAGAR,GOVT  PS(M)NARAYANAGUDA  OPP OLD MLA QTRS,en,1,7
2025-08-12,RCT,HYDERABAD,HIMAYATNAGAR,GOVT  PS(M)NARAYANAGUDA  OPP OLD MLA QTRS,en,3,1
2025-08-12,RCT,HYDERABAD,HIMAYATNAGAR,GOVT  PS(M)NARAYANAGUDA  OPP OLD MLA QTRS,en,5,1
2025-08-12,RCT,HYDERABAD,HIMAYATNAGAR,GOVT  PS(M)NARAYANAGUDA  OPP OLD MLA QTRS,te,1,5
2025-08-12,RCT,HYDERABAD,KHARATABAD II (EB),"GOVT. PS YOUSUFGUDA, YOUSUFGUDA CHECKPOST",en,1,7
2025-08-12,RCT,HYDERABAD,KHARATABAD II (EB),"GOVT. PS YOUSUFGUDA, YOUSUFGUDA CHECKPOST",en,2,1
2025-08-12,RCT,HYDERABAD,KHARATABAD II (EB),"GOVT. PS YOUSUFGUDA, YOUSUFGUDA CHECKPOST",en,3,1
2025-08-12,RCT,HYDERABAD,KHARATABAD II (EB),"GOVT. PS YOUSUFGUDA, YOUSUFGUDA CHECKPOST",en,4,1
2025-08-12,RCT,HYDERABAD,KHARATABAD II (EB),"GOVT. PS YOUSUFGUDA, YOUSUFGUDA CHECKPOST",te,1,13
2025-08-12,RCT,HYDERABAD,MAREDPALLY,"GOVT. PS LALAPET, LALAPET",en,1,8
2025-08-12,RCT,HYDERABAD,MAREDPALLY,"GOVT. PS LALAPET, LALAPET",en,4,1
2025-08-12,RCT,HYDERABAD,MAREDPALLY,"GOVT. PS LALAPET, LALAPET",en,6,2
2025-08-12,RCT,HYDERABAD,MAREDPALLY,"GOVT. PS LALAPET, LALAPET",te,1,6
2025-08-12,RCT,HYDERABAD,NAMPALLY,"GOVT. PS(G)MAHABOOBIA, GUNFOUNDRY",en,1,5
2025-08-12,RCT,HYDERABAD,NAMPALLY,"GOVT. PS(G)MAHABOOBIA, GUNFOUNDRY",en,2,3
2025-08-12,RCT,HYDERABAD,NAMPALLY,"GOVT. PS(G)MAHABOOBIA, GUNFOUNDRY",en,4,2
2025-08-12,RCT,HYDERABAD,NAMPALLY,"GOVT. PS(G)MAHABOOBIA, GUNFOUNDRY",en,6,2
2025-08-12,RCT,HYDERABAD,SAIDABAD II (EB),GOVT. PS GADDIANNARAM POCHAMMABASTI GADDIANNARAM,en,1,3
2025-08-12,RCT,HYDERABAD,SAIDABAD II (EB),GOVT. PS GADDIANNARAM POCHAMMABASTI GADDIANNARAM,en,2,1
2025-08-12,RCT,HYDERABAD,SAIDABAD II (EB),GOVT. PS GADDIANNARAM POCHAMMABASTI GADDIANNARAM,en,6,1
2025-08-12,RCT,HYDERABAD,SAIDABAD II (EB),GOVT. PS GADDIANNARAM POCHAMMABASTI GADDIANNARAM,en,7,1
2025-08-12,RCT,HYDERABAD,SAIDABAD II (EB),GOVT. PS GADDIANNARAM POCHAMMABASTI GADDIANNARAM,te,1,17
2025-08-12,RCT,HYDERABAD,SAIDABAD II (EB),GOVT. PS SHANKESHWARBAZAR SHANKESHWARBAZAR,en,1,10
2025-08-12,RCT,HYDERABAD,SAIDABAD II (EB),GOVT. PS SHANKESHWARBAZAR SHANKESHWARBAZAR,en,3,1
2025-08-12,RCT,HYDERABAD,SAIDABAD II (EB),GOVT. PS SHANKESHWARBAZAR SHANKESHWARBAZAR,en,4,1
2025-08-12,RCT,HYDERABAD,SAIDABAD II (EB),GOVT. PS SHANKESHWARBAZAR SHANKESHWARBAZAR,en,6,1
2025-08-12,RCT,HYDERABAD,SAIDABAD II (EB),GOVT. PS SHANKESHWARBAZAR SHANKESHWARBAZAR,te,1,17
2025-08-13,LAB,BENGALURU,JP NAGAR,KPS PRIMARY SCHOOL,en,1,18
2025-08-13,LAB,BENGALURU,JP NAGAR,KPS PRIMARY SCHOOL,en,2,8
2025-08-13,LAB,BENGALURU,JP NAGAR,KPS PRIMARY SCHOOL,en,4,2
2025-08-13,LAB,BENGALURU,JP NAGAR,KPS PRIMARY SCHOOL,en,5,2
2025-08-13,LAB,BENGALURU,JP NAGAR,KPS PRIMARY SCHOOL,en,6,4
2025-08-13,LAB,BENGALURU,JP NAGAR,KPS PRIMARY SCHOOL,en,8,1
2025-08-13,LAB,BENGALURU,JP NAGAR,KPS PRIMARY SCHOOL,en,9,1
2025-08-13,LAB,BENGALURU,JP NAGAR,KPS PRIMARY SCHOOL,kn,1,35
2025-08-13,LAB,HOSUR,MULLAINAGAR,GOVERNMENT HIGHER SECONDARY SCHOOL MULLAINAGAR,en,1,8
2025-08-13,RCT,HYDERABAD,HIMAYATNAGAR,GOVT  PS(M)NARAYANAGUDA  OPP OLD MLA QTRS,en,1,7
2025-08-13,RCT,HYDERABAD,HIMAYATNAGAR,GOVT  PS(M)NARAYANAGUDA  OPP OLD MLA QTRS,en,3,1
2025-08-13,RCT,HYDERABAD,HIMAYATNAGAR,GOVT  PS(M)NARAYANAGUDA  OPP OLD MLA QTRS,en,5,1
2025-08-13,RCT,HYDERABAD,HIMAYATNAGAR,GOVT  PS(M)NARAYANAGUDA  OPP OLD MLA QTRS,te,1,5
2025-08-13,RCT,HYDERABAD,KHARATABAD II (EB),"GOVT. PS YOUSUFGUDA, YOUSUFGUDA CHECKPOST",en,1,7
2025-08-13,RCT,HYDERABAD,KHARATABAD II (EB),"GOVT. PS YOUSUFGUDA, YOUSUFGUDA CHECKPOST",en,2,1
2025-08-13,RCT,HYDERABAD,KHARATABAD II (EB),"GOVT. PS YOUSUFGUDA, YOUSUFGUDA CHECKPOST",en,3,1
2025-08-13,RCT,HYDERABAD,KHARATABAD II (EB),"GOVT. PS YOUSUFGUDA, YOUSUFGUDA CHECKPOST",en,4,1
2025-08-13,RCT,HYDERABAD,KHARATABAD II (EB),"GOVT. PS YOUSUFGUDA, YOUSUFGUDA CHECKPOST",te,1,13
2025-08-13,RCT,HYDERABAD,MAREDPALLY,"GOVT. PS LALAPET, LALAPET",en,1,8
2025-08-13,RCT,HYDERABAD,MAREDPALLY,"GOVT. PS LALAPET, LALAPET",en,4,1
2025-08-13,RCT,HYDERABAD,MAREDPALLY,"GOVT. PS LALAPET, LALAPET",en,6,2
2025-08-13,RCT,HYDERABAD,MAREDPALLY,"GOVT. PS LALAPET, LALAPET",te,1,6
2025-08-13,RCT,HYDERABAD,NAMPALLY,"GOVT. PS(G)MAHABOOBIA, GUNFOUNDRY",en,1,5
2025-08-13,RCT,HYDERABAD,NAMPALLY,"GOVT. PS(G)MAHABOOBIA, GUNFOUNDRY",en,2,3
2025-08-13,RCT,HYDERABAD,NAMPALLY,"GOVT. PS(G)MAHABOOBIA, GUNFOUNDRY",en,4,2
2025-08-13,RCT,HYDERABAD,NAMPALLY,"GOVT. PS(G)MAHABOOBIA, GUNFOUNDRY",en,6,2
2025-08-13,RCT,HYDERABAD,SAIDABAD II (EB),GOVT. PS GADDIANNARAM POCHAMMABASTI GADDIANNARAM,en,1,3
2025-08-13,RCT,HYDERABAD,SAIDABAD II (EB),GOVT. PS GADDIANNARAM POCHAMMABASTI GADDIANNARAM,en,2,1
2025-08-13,RCT,HYDERABAD,SAIDABAD II (EB),GOVT. PS GADDIANNARAM POCHAMMABASTI GADDIANNARAM,en,6,1
2025-08-13,RCT,HYDERABAD,SAIDABAD II (EB),GOVT. PS GADDIANNARAM POCHAMMABASTI GADDIANNARAM,en,7,1
2025-08-13,RCT,HYDERABAD,SAIDABAD II (EB),GOVT. PS GADDIANNARAM POCHAMMABASTI GADDIANNARAM,te,1,17
2025-08-13,RCT,HYDERABAD,SAIDABAD II (EB),GOVT. PS SHANKESHWARBAZAR SHANKESHWARBAZAR,en,1,10
2025-08-13,RCT,HYDERABAD,SAIDABAD II (EB),GOVT. PS SHANKESHWARBAZAR SHANKESHWARBAZAR,en,3,1
2025-08-13,RCT,HYDERABAD,SAIDABAD II (EB),GOVT. PS SHANKESHWARBAZAR SHANKESHWARBAZAR,en,4,1
2025-08-13,RCT,HYDERABAD,SAIDABAD II (EB),GOVT. PS SHANKESHWARBAZAR SHANKESHWARBAZAR,en,6,1
2025-08-13,RCT,HYDERABAD,SAIDABAD II (EB),GOVT. PS SHANKESHWARBAZAR SHANKESHWARBAZAR,te,1,17
2025-08-14,LAB,BENGALURU,JP NAGAR,KPS PRIMARY SCHOOL,en,1,18
2025-08-14,LAB,BENGALURU,JP NAGAR,KPS PRIMARY SCHOOL,en,2,7
2025-08-14,LAB,BENGALURU,JP NAGAR,KPS PRIMARY SCHOOL,en,3,1
2025-08-14,LAB,BENGALURU,JP NAGAR,KPS PRIMARY SCHOOL,en,4,2
2025-08-14,LAB,BENGALURU,JP NAGAR,KPS PRIMARY SCHOOL,en,5,2
2025-08-14,LAB,BENGALURU,JP NAGAR,KPS PRIMARY SCHOOL,en,6,4
2025-08-14,LAB,BENGALURU,JP NAGAR,KPS PRIMARY SCHOOL,en,8,1
2025-08-14,LAB,BENGALURU,JP NAGAR,KPS PRIMARY SCHOOL,en,9,1
2025-08-14,LAB,BENGALURU,JP NAGAR,KPS PRIMARY SCHOOL,kn,1,36
2025-08-14,LAB,HOSUR,MULLAINAGAR,GOVERNMENT HIGHER SECONDARY SCHOOL MULLAINAGAR,en,1,8
2025-08-14,RCT,HYDERABAD,HIMAYATNAGAR,GOVT  PS(M)NARAYANAGUDA  OPP OLD MLA QTRS,en,1,7
2025-08-14,RCT,HYDERABAD,HIMAYATNAGAR,GOVT  PS(M)NARAYANAGUDA  OPP OLD MLA QTRS,en,3,1
2025-08-14,RCT,HYDERABAD,HIMAYATNAGAR,GOVT  PS(M)NARAYANAGUDA  OPP OLD MLA QTRS,en,6,1
2025-08-14,RCT,HYDERABAD,HIMAYATNAGAR,GOVT  PS(M)NARAYANAGUDA  OPP OLD MLA QTRS,te,1,5
2025-08-14,RCT,HYDERABAD,KHARATABAD II (EB),"GOVT. PS YOUSUFGUDA, YOUSUFGUDA CHECKPOST",en,1,7
2025-08-14,RCT,HYDERABAD,KHARATABAD II (EB),"GOVT. PS YOUSUFGUDA, YOUSUFGUDA CHECKPOST",en,2,1
2025-08-14,RCT,HYDERABAD,KHARATABAD II (EB),"GOVT. PS YOUSUFGUDA, YOUSUFGUDA CHECKPOST",en,3,1
2025-08-14,RCT,HYDERABAD,KHARATABAD II (EB),"GOVT. PS YOUSUFGUDA, YOUSUFGUDA CHECKPOST",en,4,1
2025-08-14,RCT,HYDERABAD,KHARATABAD II (EB),"GOVT. PS YOUSUFGUDA, YOUSUFGUDA CHECKPOST",te,1,13
2025-08-14,RCT,HYDERABAD,MAREDPALLY,"GOVT. PS LALAPET, LALAPET",en,1,8
2025-08-14,RCT,HYDERABAD,MAREDPALLY,"GOVT. PS LALAPET, LALAPET",en,4,1
2025-08-14,RCT,HYDERABAD,MAREDPALLY,"GOVT. PS LALAPET, LALAPET",en,6,2
2025-08-14,RCT,HYDERABAD,MAREDPALLY,"GOVT. PS LALAPET, LALAPET",te,1,6
2025-08-14,RCT,HYDERABAD,NAMPALLY,"GOVT. PS(G)MAHABOOBIA, GUNFOUNDRY",en,1,5
2025-08-14,RCT,HYDERABAD,NAMPALLY,"GOVT. PS(G)MAHABOOBIA, GUNFOUNDRY",en,2,3
2025-08-14,RCT,HYDERABAD,NAMPALLY,"GOVT. PS(G)MAHABOOBIA, GUNFOUNDRY",en,4,2
2025-08-14,RCT,HYDERABAD,NAMPALLY,"GOVT. PS(G)MAHABOOBIA, GUNFOUNDRY",en,6,2
2025-08-14,RCT,HYDERABAD,SAIDABAD II (EB),GOVT. PS GADDIANNARAM POCHAMMABASTI GADDIANNARAM,en,1,3
2025-08-14,RCT,HYDERABAD,SAIDABAD II (EB),GOVT. PS GADDIANNARAM POCHAMMABASTI GADDIANNARAM,en,2,1
2025-08-14,RCT,HYDERABAD,SAIDABAD II (EB),GOVT. PS GADDIANNARAM POCHAMMABASTI GADDIANNARAM,en,6,1
2025-08-14,RCT,HYDERABAD,SAIDABAD II (EB),GOVT. PS GADDIANNARAM POCHAMMABASTI GADDIANNARAM,en,7,1
2025-08-14,RCT,HYDERABAD,SAIDABAD II (EB),GOVT. PS GADDIANNARAM POCHAMMABASTI GADDIANNARAM,te,1,17
2025-08-14,RCT,HYDERABAD,SAIDABAD II (EB),GOVT. PS SHANKESHWARBAZAR SHANKESHWARBAZAR,en,1,10
2025-08-14,RCT,HYDERABAD,SAIDABAD II (EB),GOVT. PS SHANKESHWARBAZAR SHANKESHWARBAZAR,en,3,1
2025-08-14,RCT,HYDERABAD,SAIDABAD II (EB),GOVT. PS SHANKESHWARBAZAR SHANKESHWARBAZAR,en,5,1
2025-08-14,RCT,HYDERABAD,SAIDABAD II (EB),GOVT. PS SHANKESHWARBAZAR SHANKESHWARBAZAR,en,6,1
2025-08-14,RCT,HYDERABAD,SAIDABAD II (EB),GOVT. PS SHANKESHWARBAZAR SHANKESHWARBAZAR,te,1,17
2025-08-15,LAB,BENGALURU,JP NAGAR,KPS PRIMARY SCHOOL,en,1,18
2025-08-15,LAB,BENGALURU,JP NAGAR,KPS PRIMARY SCHOOL,en,2,7
2025-08-15,LAB,BENGALURU,JP NAGAR,KPS PRIMARY SCHOOL,en,3,1
2025-08-15,LAB,BENGALURU,JP NAGAR,KPS PRIMARY SCHOOL,en,4,2
2025-08-15,LAB,BENGALURU,JP NAGAR,KPS PRIMARY SCHOOL,en,5,2
2025-08-15,LAB,BENGALURU,JP NAGAR,KPS PRIMARY SCHOOL,en,6,4
2025-08-15,LAB,BENGALURU,JP NAGAR,KPS PRIMARY SCHOOL,en,8,1
2025-08-15,LAB,BENGALURU,JP NAGAR,KPS PRIMARY SCHOOL,en,9,1
2025-08-15,LAB,BENGALURU,JP NAGAR,KPS PRIMARY SCHOOL,kn,1,36
2025-08-15,LAB,HOSUR,MULLAINAGAR,GOVERNMENT HIGHER SECONDARY SCHOOL MULLAINAGAR,en,1,8
2025-08-15,RCT,HYDERABAD,HIMAYATNAGAR,GOVT  PS(M)NARAYANAGUDA  OPP OLD MLA QTRS,en,1,7
2025-08-15,RCT,HYDERABAD,HIMAYATNAGAR,GOVT  PS(M)NARAYANAGUDA  OPP OLD MLA QTRS,en,3,1
2025-08-15,RCT,HYDERABAD,HIMAYATNAGAR,GOVT  PS(M)NARAYANAGUDA  OPP OLD MLA QTRS,en,6,1
2025-08-15,RCT,HYDERABAD,HIMAYATNAGAR,GOVT  PS(M)NARAYANAGUDA  OPP OLD MLA QTRS,te,1,5
2025-08-15,RCT,HYDERABAD,KHARATABAD II (EB),"GOVT. PS YOUSUFGUDA, YOUSUFGUDA CHECKPOST",en,1,7
2025-08-15,RCT,HYDERABAD,KHARATABAD II (EB),"GOVT. PS YOUSUFGUDA, YOUSUFGUDA CHECKPOST",en,2,1
2025-08-15,RCT,HYDERABAD,KHARATABAD II (EB),"GOVT. PS YOUSUFGUDA, YOUSUFGUDA CHECKPOST",en,3,1
2025-08-15,RCT,HYDERABAD,KHARATABAD II (EB),"GOVT. PS YOUSUFGUDA, YOUSUFGUDA CHECKPOST",en,4,1
2025-08-15,RCT,HYDERABAD,KHARATABAD II (EB),"GOVT. PS YOUSUFGUDA, YOUSUFGUDA CHECKPOST",te,1,13
2025-08-15,RCT,HYDERABAD,MAREDPALLY,"GOVT. PS LALAPET, LALAPET",en,1,8
2025-08-15,RCT,HYDERABAD,MAREDPALLY,"GOVT. PS LALAPET, LALAPET",en,4,1
2025-08-15,RCT,HYDERABAD,MAREDPALLY,"GOVT. PS LALAPET, LALAPET",en,6,2
2025-08-15,RCT,HYDERABAD,MAREDPALLY,"GOVT. PS LALAPET, LALAPET",te,1,6
2025-08-15,RCT,HYDERABAD,NAMPALLY,"GOVT. PS(G)MAHABOOBIA, GUNFOUNDRY",en,1,5
2025-08-15,RCT,HYDERABAD,NAMPALLY,"GOVT. PS(G)MAHABOOBIA, GUNFOUNDRY",en,2,3
2025-08-15,RCT,HYDERABAD,NAMPALLY,"GOVT. PS(G)MAHABOOBIA, GUNFOUNDRY",en,4,2
2025-08-15,RCT,HYDERABAD,NAMPALLY,"GOVT. PS(G)MAHABOOBIA, GUNFOUNDRY",en,6,2
2025-08-15,RCT,HYDERABAD,SAIDABAD II (EB),GOVT. PS GADDIANNARAM POCHAMMABASTI GADDIANNARAM,en,1,3
2025-08-15,RCT,HYDERABAD,SAIDABAD II (EB),GOVT. PS GADDIANNARAM POCHAMMABASTI GADDIANNARAM,en,2,1
2025-08-15,RCT,HYDERABAD,SAIDABAD II (EB),GOVT. PS GADDIANNARAM POCHAMMABASTI GADDIANNARAM,en,6,1
2025-08-15,RCT,HYDERABAD,SAIDABAD II (EB),GOVT. PS GADDIANNARAM POCHAMMABASTI GADDIANNARAM,en,7,1
2025-08-15,RCT,HYDERABAD,SAIDABAD II (EB),GOVT. PS GADDIANNARAM POCHAMMABASTI GADDIANNARAM,te,1,17
2025-08-15,RCT,HYDERABAD,SAIDABAD II (EB),GOVT. PS SHANKESHWARBAZAR SHANKESHWARBAZAR,en,1,10
2025-08-15,RCT,HYDERABAD,SAIDABAD II (EB),GOVT. PS SHANKESHWARBAZAR SHANKESHWARBAZAR,en,3,1
2025-08-15,RCT,HYDERABAD,SAIDABAD II (EB),GOVT. PS SHANKESHWARBAZAR SHANKESHWARBAZAR,en,5,1
2025-08-15,RCT,HYDERABAD,SAIDABAD II (EB),GOVT. PS SHANKESHWARBAZAR SHANKESHWARBAZAR,en,6,1
2025-08-15,RCT,HYDERABAD,SAIDABAD II (EB),GOVT. PS SHANKESHWARBAZAR SHANKESHWARBAZAR,te,1,17
2025-08-16,LAB,BENGALURU,JP NAGAR,KPS PRIMARY SCHOOL,en,1,20
2025-08-16,LAB,BENGALURU,JP NAGAR,KPS PRIMARY SCHOOL,en,2,7
2025-08-16,LAB,BENGALURU,JP NAGAR,KPS PRIMARY SCHOOL,en,4,3
2025-08-16,LAB,BENGALURU,JP NAGAR,KPS PRIMARY SCHOOL,en,5,2
2025-08-16,LAB,BENGALURU,JP NAGAR,KPS PRIMARY SCHOOL,en,6,4
2025-08-16,LAB,BENGALURU,JP NAGAR,KPS PRIMARY SCHOOL,en,8,1
2025-08-16,LAB,BENGALURU,JP NAGAR,KPS PRIMARY SCHOOL,en,9,1
2025-08-16,LAB,BENGALURU,JP NAGAR,KPS PRIMARY SCHOOL,kn,1,36
2025-08-16,LAB,HOSUR,MULLAINAGAR,GOVERNMENT HIGHER SECONDARY SCHOOL MULLAINAGAR,en,1,8
2025-08-16,RCT,HYDERABAD,HIMAYATNAGAR,GOVT  PS(M)NARAYANAGUDA  OPP OLD MLA QTRS,en,1,7
2025-08-16,RCT,HYDERABAD,HIMAYATNAGAR,GOVT  PS(M)NARAYANAGUDA  OPP OLD MLA QTRS,en,3,1
2025-08-16,RCT,HYDERABAD,HIMAYATNAGAR,GOVT  PS(M)NARAYANAGUDA  OPP OLD MLA QTRS,en,6,1
2025-08-16,RCT,HYDERABAD,HIMAYATNAGAR,GOVT  PS(M)NARAYANAGUDA  OPP OLD MLA QTRS,te,1,5
2025-08-16,RCT,HYDERABAD,KHARATABAD II (EB),"GOVT. PS YOUSUFGUDA, YOUSUFGUDA CHECKPOST",en,1,7
2025-08-16,RCT,HYDERABAD,KHARATABAD II (EB),"GOVT. PS YOUSUFGUDA, YOUSUFGUDA CHECKPOST",en,2,1
2025-08-16,RCT,HYDERABAD,KHARATABAD II (EB),"GOVT. PS YOUSUFGUDA, YOUSUFGUDA CHECKPOST",en,3,1
2025-08-16,RCT,HYDERABAD,KHARATABAD II (EB),"GOVT. PS YOUSUFGUDA, YOUSUFGUDA CHECKPOST",en,4,1
2025-08-16,RCT,HYDERABAD,KHARATABAD II (EB),"GOVT. PS YOUSUFGUDA, YOUSUFGUDA CHECKPOST",te,1,13
2025-08-16,RCT,HYDERABAD,MAREDPALLY,"GOVT. PS LALAPET, LALAPET",en,1,8
2025-08-16,RCT,HYDERABAD,MAREDPALLY,"GOVT. PS LALAPET, LALAPET",en,4,1
2025-08-16,RCT,HYDERABAD,MAREDPALLY,"GOVT. PS LALAPET, LALAPET",en,6,2
2025-08-16,RCT,HYDERABAD,MAREDPALLY,"GOVT. PS LALAPET, LALAPET",te,1,6
2025-08-16,RCT,HYDERABAD,NAMPALLY,"GOVT. PS(G)MAHABOOBIA, GUNFOUNDRY",en,1,5
2025-08-16,RCT,HYDERABAD,NAMPALLY,"GOVT. PS(G)MAHABOOBIA, GUNFOUNDRY",en,2,3
2025-08-16,RCT,HYDERABAD,NAMPALLY,"GOVT. PS(G)MAHABOOBIA, GUNFOUNDRY",en,4,2
2025-08-16,RCT,HYDERABAD,NAMPALLY,"GOVT. PS(G)MAHABOOBIA, GUNFOUNDRY",en,6,2
2025-08-16,RCT,HYDERABAD,SAIDABAD II (EB),GOVT. PS GADDIANNARAM POCHAMMABASTI GADDIANNARAM,en,1,3
2025-08-16,RCT,HYDERABAD,SAIDABAD II (EB),GOVT. PS GADDIANNARAM POCHAMMABASTI GADDIANNARAM,en,2,1
2025-08-16,RCT,HYDERABAD,SAIDABAD II (EB),GOVT. PS GADDIANNARAM POCHAMMABASTI GADDIANNARAM,en,6,1
2025-08-16,RCT,HYDERABAD,SAIDABAD II (EB),GOVT. PS GADDIANNARAM POCHAMMABASTI GADDIANNARAM,en,7,1
2025-08-16,RCT,HYDERABAD,SAIDABAD II (EB),GOVT. PS GADDIANNARAM POCHAMMABASTI GADDIANNARAM,te,1,17
2025-08-16,RCT,HYDERABAD,SAIDABAD II (EB),GOVT. PS SHANKESHWARBAZAR SHANKESHWARBAZAR,en,1,10
2025-08-16,RCT,HYDERABAD,SAIDABAD II (EB),GOVT. PS SHANKESHWARBAZAR SHANKESHWARBAZAR,en,3,1
2025-08-16,RCT,HYDERABAD,SAIDABAD II (EB),GOVT. PS SHANKESHWARBAZAR SHANKESHWARBAZAR,en,5,1
2025-08-16,RCT,HYDERABAD,SAIDABAD II (EB),GOVT. PS SHANKESHWARBAZAR SHANKESHWARBAZAR,en,6,1
2025-08-16,RCT,HYDERABAD,SAIDABAD II (EB),GOVT. PS SHANKESHWARBAZAR SHANKESHWARBAZAR,te,1,17
2025-08-17,LAB,BENGALURU,JP NAGAR,KPS PRIMARY SCHOOL,en,1,20
2025-08-17,LAB,BENGALURU,JP NAGAR,KPS PRIMARY SCHOOL,en,2,7
2025-08-17,LAB,BENGALURU,JP NAGAR,KPS PRIMARY SCHOOL,en,4,3
2025-08-17,LAB,BENGALURU,JP NAGAR,KPS PRIMARY SCHOOL,en,5,2
2025-08-17,LAB,BENGALURU,JP NAGAR,KPS PRIMARY SCHOOL,en,6,4
2025-08-17,LAB,BENGALURU,JP NAGAR,KPS PRIMARY SCHOOL,en,8,1
2025-08-17,LAB,BENGALURU,JP NAGAR,KPS PRIMARY SCHOOL,en,9,1
2025-08-17,LAB,BENGALURU,JP NAGAR,KPS PRIMARY SCHOOL,kn,1,36
2025-08-17,LAB,HOSUR,MULLAINAGAR,GOVERNMENT HIGHER SECONDARY SCHOOL MULLAINAGAR,en,1,8
2025-08-17,RCT,HYDERABAD,HIMAYATNAGAR,GOVT  PS(M)NARAYANAGUDA  OPP OLD MLA QTRS,en,1,7
2025-08-17,RCT,HYDERABAD,HIMAYATNAGAR,GOVT  PS(M)NARAYANAGUDA  OPP OLD MLA QTRS,en,3,1
2025-08-17,RCT,HYDERABAD,HIMAYATNAGAR,GOVT  PS(M)NARAYANAGUDA  OPP OLD MLA QTRS,en,6,1
2025-08-17,RCT,HYDERABAD,HIMAYATNAGAR,GOVT  PS(M)NARAYANAGUDA  OPP OLD MLA QTRS,te,1,5
2025-08-17,RCT,HYDERABAD,KHARATABAD II (EB),"GOVT. PS YOUSUFGUDA, YOUSUFGUDA CHECKPOST",en,1,7
2025-08-17,RCT,HYDERABAD,KHARATABAD II (EB),"GOVT. PS YOUSUFGUDA, YOUSUFGUDA CHECKPOST",en,2,1
2025-08-17,RCT,HYDERABAD,KHARATABAD II (EB),"GOVT. PS YOUSUFGUDA, YOUSUFGUDA CHECKPOST",en,3,1
2025-08-17,RCT,HYDERABAD,KHARATABAD II (EB),"GOVT. PS YOUSUFGUDA, YOUSUFGUDA CHECKPOST",en,4,1
2025-08-17,RCT,HYDERABAD,KHARATABAD II (EB),"GOVT. PS YOUSUFGUDA, YOUSUFGUDA CHECKPOST",te,1,13
2025-08-17,RCT,HYDERABAD,MAREDPALLY,"GOVT. PS LALAPET, LALAPET",en,1,8
2025-08-17,RCT,HYDERABAD,MAREDPALLY,"GOVT. PS LALAPET, LALAPET",en,4,1
2025-08-17,RCT,HYDERABAD,MAREDPALLY,"GOVT. PS LALAPET, LALAPET",en,6,2
2025-08-17,RCT,HYDERABAD,MAREDPALLY,"GOVT. PS LALAPET, LALAPET",te,1,6
2025-08-17,RCT,HYDERABAD,NAMPALLY,"GOVT. PS(G)MAHABOOBIA, GUNFOUNDRY",en,1,5
2025-08-17,RCT,HYDERABAD,NAMPALLY,"GOVT. PS(G)MAHABOOBIA, GUNFOUNDRY",en,2,3
2025-08-17,RCT,HYDERABAD,NAMPALLY,"GOVT. PS(G)MAHABOOBIA, GUNFOUNDRY",en,4,2
2025-08-17,RCT,HYDERABAD,NAMPALLY,"GOVT. PS(G)MAHABOOBIA, GUNFOUNDRY",en,6,2
2025-08-17,RCT,HYDERABAD,SAIDABAD II (EB),GOVT. PS GADDIANNARAM POCHAMMABASTI GADDIANNARAM,en,1,3
2025-08-17,RCT,HYDERABAD,SAIDABAD II (EB),GOVT. PS GADDIANNARAM POCHAMMABASTI GADDIANNARAM,en,2,1
2025-08-17,RCT,HYDERABAD,SAIDABAD II (EB),GOVT. PS GADDIANNARAM POCHAMMABASTI GADDIANNARAM,en,6,1
2025-08-17,RCT,HYDERABAD,SAIDABAD II (EB),GOVT. PS GADDIANNARAM POCHAMMABASTI GADDIANNARAM,en,7,1
2025-08-17,RCT,HYDERABAD,SAIDABAD II (EB),GOVT. PS GADDIANNARAM POCHAMMABASTI GADDIANNARAM,te,1,17
2025-08-17,RCT,HYDERABAD,SAIDABAD II (EB),GOVT. PS SHANKESHWARBAZAR SHANKESHWARBAZAR,en,1,10
2025-08-17,RCT,HYDERABAD,SAIDABAD II (EB),GOVT. PS SHANKESHWARBAZAR SHANKESHWARBAZAR,en,3,1
2025-08-17,RCT,HYDERABAD,SAIDABAD II (EB),GOVT. PS SHANKESHWARBAZAR SHANKESHWARBAZAR,en,5,1
2025-08-17,RCT,HYDERABAD,SAIDABAD II (EB),GOVT. PS SHANKESHWARBAZAR SHANKESHWARBAZAR,en,6,1
2025-08-17,RCT,HYDERABAD,SAIDABAD II (EB),GOVT. PS SHANKESHWARBAZAR SHANKESHWARBAZAR,te,1,17
2025-08-18,LAB,BENGALURU,JP NAGAR,KPS PRIMARY SCHOOL,en,1,20
2025-08-18,LAB,BENGALURU,JP NAGAR,KPS PRIMARY SCHOOL,en,2,7
2025-08-18,LAB,BENGALURU,JP NAGAR,KPS PRIMARY SCHOOL,en,4,2
2025-08-18,LAB,BENGALURU,JP NAGAR,KPS PRIMARY SCHOOL,en,5,1
2025-08-18,LAB,BENGALURU,JP NAGAR,KPS PRIMARY SCHOOL,en,6,6
2025-08-18,LAB,BENGALURU,JP NAGAR,KPS PRIMARY SCHOOL,en,8,1
2025-08-18,LAB,BENGALURU,JP NAGAR,KPS PRIMARY SCHOOL,en,9,1
2025-08-18,LAB,BENGALURU,JP NAGAR,KPS PRIMARY SCHOOL,kn,1,36
2025-08-18,LAB,HOSUR,MULLAINAGAR,GOVERNMENT HIGHER SECONDARY SCHOOL MULLAINAGAR,en,1,8
2025-08-18,RCT,HYDERABAD,HIMAYATNAGAR,GOVT  PS(M)NARAYANAGUDA  OPP OLD MLA QTRS,en,1,7
2025-08-18,RCT,HYDERABAD,HIMAYATNAGAR,GOVT  PS(M)NARAYANAGUDA  OPP OLD MLA QTRS,en,3,1
2025-08-18,RCT,HYDERABAD,HIMAYATNAGAR,GOVT  PS(M)NARAYANAGUDA  OPP OLD MLA QTRS,en,6,1
2025-08-18,RCT,HYDERABAD,HIMAYATNAGAR,GOVT  PS(M)NARAYANAGUDA  OPP OLD MLA QTRS,te,1,5
2025-08-18,RCT,HYDERABAD,KHARATABAD II (EB),"GOVT. PS YOUSUFGUDA, YOUSUFGUDA CHECKPOST",en,1,7
2025-08-18,RCT,HYDERABAD,KHARATABAD II (EB),"GOVT. PS YOUSUFGUDA, YOUSUFGUDA CHECKPOST",en,2,1
2025-08-18,RCT,HYDERABAD,KHARATABAD II (EB),"GOVT. PS YOUSUFGUDA, YOUSUFGUDA CHECKPOST",en,3,1
2025-08-18,RCT,HYDERABAD,KHARATABAD II (EB),"GOVT. PS YOUSUFGUDA, YOUSUFGUDA CHECKPOST",en,4,1
2025-08-18,RCT,HYDERABAD,KHARATABAD II (EB),"GOVT. PS YOUSUFGUDA, YOUSUFGUDA CHECKPOST",te,1,13
2025-08-18,RCT,HYDERABAD,MAREDPALLY,"GOVT. PS LALAPET, LALAPET",en,1,8
2025-08-18,RCT,HYDERABAD,MAREDPALLY,"GOVT. PS LALAPET, LALAPET",en,4,1
2025-08-18,RCT,HYDERABAD,MAREDPALLY,"GOVT. PS LALAPET, LALAPET",en,6,2
2025-08-18,RCT,HYDERABAD,MAREDPALLY,"GOVT. PS LALAPET, LALAPET",te,1,6
2025-08-18,RCT,HYDERABAD,NAMPALLY,"GOVT. PS(G)MAHABOOBIA, GUNFOUNDRY",en,1,5
2025-08-18,RCT,HYDERABAD,NAMPALLY,"GOVT. PS(G)MAHABOOBIA, GUNFOUNDRY",en,2,3
2025-08-18,RCT,HYDERABAD,NAMPALLY,"GOVT. PS(G)MAHABOOBIA, GUNFOUNDRY",en,4,2
2025-08-18,RCT,HYDERABAD,NAMPALLY,"GOVT. PS(G)MAHABOOBIA, GUNFOUNDRY",en,6,2
2025-08-18,RCT,HYDERABAD,SAIDABAD II (EB),GOVT. PS GADDIANNARAM POCHAMMABASTI GADDIANNARAM,en,1,3
2025-08-18,RCT,HYDERABAD,SAIDABAD II (EB),GOVT. PS GADDIANNARAM POCHAMMABASTI GADDIANNARAM,en,2,1
2025-08-18,RCT,HYDERABAD,SAIDABAD II (EB),GOVT. PS GADDIANNARAM POCHAMMABASTI GADDIANNARAM,en,6,1
2025-08-18,RCT,HYDERABAD,SAIDABAD II (EB),GOVT. PS GADDIANNARAM POCHAMMABASTI GADDIANNARAM,en,7,1
2025-08-18,RCT,HYDERABAD,SAIDABAD II (EB),GOVT. PS GADDIANNARAM POCHAMMABASTI GADDIANNARAM,te,1,17
2025-08-18,RCT,HYDERABAD,SAIDABAD II (EB),GOVT. PS SHANKESHWARBAZAR SHANKESHWARBAZAR,en,1,10
2025-08-18,RCT,HYDERABAD,SAIDABAD II (EB),GOVT. PS SHANKESHWARBAZAR SHANKESHWARBAZAR,en,3,1
2025-08-18,RCT,HYDERABAD,SAIDABAD II (EB),GOVT. PS SHANKESHWARBAZAR SHANKESHWARBAZAR,en,5,1
2025-08-18,RCT,HYDERABAD,SAIDABAD II (EB),GOVT. PS SHANKESHWARBAZAR SHANKESHWARBAZAR,en,6,1
2025-08-18,RCT,HYDERABAD,SAIDABAD II (EB),GOVT. PS SHANKESHWARBAZAR SHANKESHWARBAZAR,te,1,17
2025-08-19,LAB,BENGALURU,JP NAGAR,KPS PRIMARY SCHOOL,en,1,20
2025-08-19,LAB,BENGALURU,JP NAGAR,KPS PRIMARY SCHOOL,en,2,7
2025-08-19,LAB,BENGALURU,JP NAGAR,KPS PRIMARY SCHOOL,en,4,1
2025-08-19,LAB,BENGALURU,JP NAGAR,KPS PRIMARY SCHOOL,en,5,1
2025-08-19,LAB,BENGALURU,JP NAGAR,KPS PRIMARY SCHOOL,en,6,6
2025-08-19,LAB,BENGALURU,JP NAGAR,KPS PRIMARY SCHOOL,en,8,2
2025-08-19,LAB,BENGALURU,JP NAGAR,KPS PRIMARY SCHOOL,en,9,1
2025-08-19,LAB,BENGALURU,JP NAGAR,KPS PRIMARY SCHOOL,kn,1,36
2025-08-19,LAB,HOSUR,MULLAINAGAR,GOVERNMENT HIGHER SECONDARY SCHOOL MULLAINAGAR,en,1,10
2025-08-19,LAB,HOSUR,MULLAINAGAR,GOVERNMENT HIGHER SECONDARY SCHOOL MULLAINAGAR,en,2,1
2025-08-19,LAB,HOSUR,MULLAINAGAR,GOVERNMENT HIGHER SECONDARY SCHOOL MULLAINAGAR,en,3,1
2025-08-19,RCT,HYDERABAD,HIMAYATNAGAR,GOVT  PS(M)NARAYANAGUDA  OPP OLD MLA QTRS,en,1,6
2025-08-19,RCT,HYDERABAD,HIMAYATNAGAR,GOVT  PS(M)NARAYANAGUDA  OPP OLD MLA QTRS,en,2,1
2025-08-19,RCT,HYDERABAD,HIMAYATNAGAR,GOVT  PS(M)NARAYANAGUDA  OPP OLD MLA QTRS,en,3,1
2025-08-19,RCT,HYDERABAD,HIMAYATNAGAR,GOVT  PS(M)NARAYANAGUDA  OPP OLD MLA QTRS,en,6,1
2025-08-19,RCT,HYDERABAD,HIMAYATNAGAR,GOVT  PS(M)NARAYANAGUDA  OPP OLD MLA QTRS,te,1,5
2025-08-19,RCT,HYDERABAD,KHARATABAD II (EB),"GOVT. PS YOUSUFGUDA, YOUSUFGUDA CHECKPOST",en,1,7
2025-08-19,RCT,HYDERABAD,KHARATABAD II (EB),"GOVT. PS YOUSUFGUDA, YOUSUFGUDA CHECKPOST",en,2,1
2025-08-19,RCT,HYDERABAD,KHARATABAD II (EB),"GOVT. PS YOUSUFGUDA, YOUSUFGUDA CHECKPOST",en,3,1
2025-08-19,RCT,HYDERABAD,KHARATABAD II (EB),"GOVT. PS YOUSUFGUDA, YOUSUFGUDA CHECKPOST",en,4,1
2025-08-19,RCT,HYDERABAD,KHARATABAD II (EB),"GOVT. PS YOUSUFGUDA, YOUSUFGUDA CHECKPOST",te,1,13
2025-08-19,RCT,HYDERABAD,MAREDPALLY,"GOVT. PS LALAPET, LALAPET",en,1,8
2025-08-19,RCT,HYDERABAD,MAREDPALLY,"GOVT. PS LALAPET, LALAPET",en,4,1
2025-08-19,RCT,HYDERABAD,MAREDPALLY,"GOVT. PS LALAPET, LALAPET",en,6,2
2025-08-19,RCT,HYDERABAD,MAREDPALLY,"GOVT. PS LALAPET, LALAPET",te,1,6
2025-08-19,RCT,HYDERABAD,NAMPALLY,"GOVT. PS(G)MAHABOOBIA, GUNFOUNDRY",en,1,5
2025-08-19,RCT,HYDERABAD,NAMPALLY,"GOVT. PS(G)MAHABOOBIA, GUNFOUNDRY",en,2,3
2025-08-19,RCT,HYDERABAD,NAMPALLY,"GOVT. PS(G)MAHABOOBIA, GUNFOUNDRY",en,4,2
2025-08-19,RCT,HYDERABAD,NAMPALLY,"GOVT. PS(G)MAHABOOBIA, GUNFOUNDRY",en,6,2
2025-08-19,RCT,HYDERABAD,SAIDABAD II (EB),GOVT. PS GADDIANNARAM POCHAMMABASTI GADDIANNARAM,en,1,3
2025-08-19,RCT,HYDERABAD,SAIDABAD II (EB),GOVT. PS GADDIANNARAM POCHAMMABASTI GADDIANNARAM,en,2,1
2025-08-19,RCT,HYDERABAD,SAIDABAD II (EB),GOVT. PS GADDIANNARAM POCHAMMABASTI GADDIANNARAM,en,6,1
2025-08-19,RCT,HYDERABAD,SAIDABAD II (EB),GOVT. PS GADDIANNARAM POCHAMMABASTI GADDIANNARAM,en,7,1
2025-08-19,RCT,HYDERABAD,SAIDABAD II (EB),GOVT. PS GADDIANNARAM POCHAMMABASTI GADDIANNARAM,te,1,17
2025-08-19,RCT,HYDERABAD,SAIDABAD II (EB),GOVT. PS SHANKESHWARBAZAR SHANKESHWARBAZAR,en,1,10
2025-08-19,RCT,HYDERABAD,SAIDABAD II (EB),GOVT. PS SHANKESHWARBAZAR SHANKESHWARBAZAR,en,3,1
2025-08-19,RCT,HYDERABAD,SAIDABAD II (EB),GOVT. PS SHANKESHWARBAZAR SHANKESHWARBAZAR,en,5,1
2025-08-19,RCT,HYDERABAD,SAIDABAD II (EB),GOVT. PS SHANKESHWARBAZAR SHANKESHWARBAZAR,en,6,1
2025-08-19,RCT,HYDERABAD,SAIDABAD II (EB),GOVT. PS SHANKESHWARBAZAR SHANKESHWARBAZAR,te,1,17
2025-08-20,LAB,BENGALURU,JP NAGAR,KPS PRIMARY SCHOOL,en,1,20
2025-08-20,LAB,BENGALURU,JP NAGAR,KPS PRIMARY SCHOOL,en,2,7
2025-08-20,LAB,BENGALURU,JP NAGAR,KPS PRIMARY SCHOOL,en,4,1
2025-08-20,LAB,BENGALURU,JP NAGAR,KPS PRIMARY SCHOOL,en,5,1
2025-08-20,LAB,BENGALURU,JP NAGAR,KPS PRIMARY SCHOOL,en,6,5
2025-08-20,LAB,BENGALURU,JP NAGAR,KPS PRIMARY SCHOOL,en,7,1
2025-08-20,LAB,BENGALURU,JP NAGAR,KPS PRIMARY SCHOOL,en,8,2
2025-08-20,LAB,BENGALURU,JP NAGAR,KPS PRIMARY SCHOOL,en,10,1
2025-08-20,LAB,BENGALURU,JP NAGAR,KPS PRIMARY SCHOOL,kn,1,36
2025-08-20,LAB,HOSUR,MULLAINAGAR,GOVERNMENT HIGHER SECONDARY SCHOOL MULLAINAGAR,en,1,10
2025-08-20,LAB,HOSUR,MULLAINAGAR,GOVERNMENT HIGHER SECONDARY SCHOOL MULLAINAGAR,en,2,1
2025-08-20,LAB,HOSUR,MULLAINAGAR,GOVERNMENT HIGHER SECONDARY SCHOOL MULLAINAGAR,en,3,1
2025-08-20,RCT,HYDERABAD,HIMAYATNAGAR,GOVT  PS(M)NARAYANAGUDA  OPP OLD MLA QTRS,en,1,6
2025-08-20,RCT,HYDERABAD,HIMAYATNAGAR,GOVT  PS(M)NARAYANAGUDA  OPP OLD MLA QTRS,en,2,1
2025-08-20,RCT,HYDERABAD,HIMAYATNAGAR,GOVT  PS(M)NARAYANAGUDA  OPP OLD MLA QTRS,en,3,1
2025-08-20,RCT,HYDERABAD,HIMAYATNAGAR,GOVT  PS(M)NARAYANAGUDA  OPP OLD MLA QTRS,en,6,1
2025-08-20,RCT,HYDERABAD,HIMAYATNAGAR,GOVT  PS(M)NARAYANAGUDA  OPP OLD MLA QTRS,te,1,5
2025-08-20,RCT,HYDERABAD,KHARATABAD II (EB),"GOVT. PS YOUSUFGUDA, YOUSUFGUDA CHECKPOST",en,1,7
2025-08-20,RCT,HYDERABAD,KHARATABAD II (EB),"GOVT. PS YOUSUFGUDA, YOUSUFGUDA CHECKPOST",en,2,1
2025-08-20,RCT,HYDERABAD,KHARATABAD II (EB),"GOVT. PS YOUSUFGUDA, YOUSUFGUDA CHECKPOST",en,3,1
2025-08-20,RCT,HYDERABAD,KHARATABAD II (EB),"GOVT. PS YOUSUFGUDA, YOUSUFGUDA CHECKPOST",en,4,1
2025-08-20,RCT,HYDERABAD,KHARATABAD II (EB),"GOVT. PS YOUSUFGUDA, YOUSUFGUDA CHECKPOST",te,1,13
2025-08-20,RCT,HYDERABAD,MAREDPALLY,"GOVT. PS LALAPET, LALAPET",en,1,8
2025-08-20,RCT,HYDERABAD,MAREDPALLY,"GOVT. PS LALAPET, LALAPET",en,4,1
2025-08-20,RCT,HYDERABAD,MAREDPALLY,"GOVT. PS LALAPET, LALAPET",en,6,2
2025-08-20,RCT,HYDERABAD,MAREDPALLY,"GOVT. PS LALAPET, LALAPET",te,1,6
2025-08-20,RCT,HYDERABAD,NAMPALLY,"GOVT. PS(G)MAHABOOBIA, GUNFOUNDRY",en,1,5
2025-08-20,RCT,HYDERABAD,NAMPALLY,"GOVT. PS(G)MAHABOOBIA, GUNFOUNDRY",en,2,3
2025-08-20,RCT,HYDERABAD,NAMPALLY,"GOVT. PS(G)MAHABOOBIA, GUNFOUNDRY",en,4,2
2025-08-20,RCT,HYDERABAD,NAMPALLY,"GOVT. PS(G)MAHABOOBIA, GUNFOUNDRY",en,6,2
2025-08-20,RCT,HYDERABAD,SAIDABAD II (EB),GOVT. PS GADDIANNARAM POCHAMMABASTI GADDIANNARAM,en,1,3
2025-08-20,RCT,HYDERABAD,SAIDABAD II (EB),GOVT. PS GADDIANNARAM POCHAMMABASTI GADDIANNARAM,en,2,1
2025-08-20,RCT,HYDERABAD,SAIDABAD II (EB),GOVT. PS GADDIANNARAM POCHAMMABASTI GADDIANNARAM,en,6,1
2025-08-20,RCT,HYDERABAD,SAIDABAD II (EB),GOVT. PS GADDIANNARAM POCHAMMABASTI GADDIANNARAM,en,7,1
2025-08-20,RCT,HYDERABAD,SAIDABAD II (EB),GOVT. PS GADDIANNARAM POCHAMMABASTI GADDIANNARAM,te,1,17
2025-08-20,RCT,HYDERABAD,SAIDABAD II (EB),GOVT. PS SHANKESHWARBAZAR SHANKESHWARBAZAR,en,1,10
2025-08-20,RCT,HYDERABAD,SAIDABAD II (EB),GOVT. PS SHANKESHWARBAZAR SHANKESHWARBAZAR,en,3,1
2025-08-20,RCT,HYDERABAD,SAIDABAD II (EB),GOVT. PS SHANKESHWARBAZAR SHANKESHWARBAZAR,en,5,1
2025-08-20,RCT,HYDERABAD,SAIDABAD II (EB),GOVT. PS SHANKESHWARBAZAR SHANKESHWARBAZAR,en,6,1
2025-08-20,RCT,HYDERABAD,SAIDABAD II (EB),GOVT. PS SHANKESHWARBAZAR SHANKESHWARBAZAR,te,1,17
2025-08-21,LAB,BENGALURU,JP NAGAR,KPS PRIMARY SCHOOL,en,1,20
2025-08-21,LAB,BENGALURU,JP NAGAR,KPS PRIMARY SCHOOL,en,2,7
2025-08-21,LAB,BENGALURU,JP NAGAR,KPS PRIMARY SCHOOL,en,4,1
2025-08-21,LAB,BENGALURU,JP NAGAR,KPS PRIMARY SCHOOL,en,5,1
2025-08-21,LAB,BENGALURU,JP NAGAR,KPS PRIMARY SCHOOL,en,6,5
2025-08-21,LAB,BENGALURU,JP NAGAR,KPS PRIMARY SCHOOL,en,7,1
2025-08-21,LAB,BENGALURU,JP NAGAR,KPS PRIMARY SCHOOL,en,8,2
2025-08-21,LAB,BENGALURU,JP NAGAR,KPS PRIMARY SCHOOL,en,10,1
2025-08-21,LAB,BENGALURU,JP NAGAR,KPS PRIMARY SCHOOL,kn,1,36
2025-08-21,LAB,HOSUR,MULLAINAGAR,GOVERNMENT HIGHER SECONDARY SCHOOL MULLAINAGAR,en,1,10
2025-08-21,LAB,HOSUR,MULLAINAGAR,GOVERNMENT HIGHER SECONDARY SCHOOL MULLAINAGAR,en,2,1
2025-08-21,LAB,HOSUR,MULLAINAGAR,GOVERNMENT HIGHER SECONDARY SCHOOL MULLAINAGAR,en,3,1
2025-08-21,RCT,HYDERABAD,HIMAYATNAGAR,GOVT  PS(M)NARAYANAGUDA  OPP OLD MLA QTRS,en,1,6
2025-08-21,RCT,HYDERABAD,HIMAYATNAGAR,GOVT  PS(M)NARAYANAGUDA  OPP OLD MLA QTRS,en,2,1
2025-08-21,RCT,HYDERABAD,HIMAYATNAGAR,GOVT  PS(M)NARAYANAGUDA  OPP OLD MLA QTRS,en,3,1
2025-08-21,RCT,HYDERABAD,HIMAYATNAGAR,GOVT  PS(M)NARAYANAGUDA  OPP OLD MLA QTRS,en,6,1
2025-08-21,RCT,HYDERABAD,HIMAYATNAGAR,GOVT  PS(M)NARAYANAGUDA  OPP OLD MLA QTRS,te,1,5
2025-08-21,RCT,HYDERABAD,KHARATABAD II (EB),"GOVT. PS YOUSUFGUDA, YOUSUFGUDA CHECKPOST",en,1,7
2025-08-21,RCT,HYDERABAD,KHARATABAD II (EB),"GOVT. PS YOUSUFGUDA, YOUSUFGUDA CHECKPOST",en,2,1
2025-08-21,RCT,HYDERABAD,KHARATABAD II (EB),"GOVT. PS YOUSUFGUDA, YOUSUFGUDA CHECKPOST",en,3,1
2025-08-21,RCT,HYDERABAD,KHARATABAD II (EB),"GOVT. PS YOUSUFGUDA, YOUSUFGUDA CHECKPOST",en,4,1
2025-08-21,RCT,HYDERABAD,KHARATABAD II (EB),"GOVT. PS YOUSUFGUDA, YOUSUFGUDA CHECKPOST",te,1,13
2025-08-21,RCT,HYDERABAD,MAREDPALLY,"GOVT. PS LALAPET, LALAPET",en,1,8
2025-08-21,RCT,HYDERABAD,MAREDPALLY,"GOVT. PS LALAPET, LALAPET",en,4,1
2025-08-21,RCT,HYDERABAD,MAREDPALLY,"GOVT. PS LALAPET, LALAPET",en,6,1
2025-08-21,RCT,HYDERABAD,MAREDPALLY,"GOVT. PS LALAPET, LALAPET",en,8,1
2025-08-21,RCT,HYDERABAD,MAREDPALLY,"GOVT. PS LALAPET, LALAPET",te,1,6
2025-08-21,RCT,HYDERABAD,NAMPALLY,"GOVT. PS(G)MAHABOOBIA, GUNFOUNDRY",en,1,5
2025-08-21,RCT,HYDERABAD,NAMPALLY,"GOVT. PS(G)MAHABOOBIA, GUNFOUNDRY",en,2,3
2025-08-21,RCT,HYDERABAD,NAMPALLY,"GOVT. PS(G)MAHABOOBIA, GUNFOUNDRY",en,4,2
2025-08-21,RCT,HYDERABAD,NAMPALLY,"GOVT. PS(G)MAHABOOBIA, GUNFOUNDRY",en,6,2
2025-08-21,RCT,HYDERABAD,SAIDABAD II (EB),GOVT. PS GADDIANNARAM POCHAMMABASTI GADDIANNARAM,en,1,3
2025-08-21,RCT,HYDERABAD,SAIDABAD II (EB),GOVT. PS GADDIANNARAM POCHAMMABASTI GADDIANNARAM,en,2,1
2025-08-21,RCT,HYDERABAD,SAIDABAD II (EB),GOVT. PS GADDIANNARAM POCHAMMABASTI GADDIANNARAM,en,6,1
2025-08-21,RCT,HYDERABAD,SAIDABAD II (EB),GOVT. PS GADDIANNARAM POCHAMMABASTI GADDIANNARAM,en,7,1
2025-08-21,RCT,HYDERABAD,SAIDABAD II (EB),GOVT. PS GADDIANNARAM POCHAMMABASTI GADDIANNARAM,te,1,17
2025-08-21,RCT,HYDERABAD,SAIDABAD II (EB),GOVT. PS SHANKESHWARBAZAR SHANKESHWARBAZAR,en,1,10
2025-08-21,RCT,HYDERABAD,SAIDABAD II (EB),GOVT. PS SHANKESHWARBAZAR SHANKESHWARBAZAR,en,3,1
2025-08-21,RCT,HYDERABAD,SAIDABAD II (EB),GOVT. PS SHANKESHWARBAZAR SHANKESHWARBAZAR,en,5,1
2025-08-21,RCT,HYDERABAD,SAIDABAD II (EB),GOVT. PS SHANKESHWARBAZAR SHANKESHWARBAZAR,en,6,1
2025-08-21,RCT,HYDERABAD,SAIDABAD II (EB),GOVT. PS SHANKESHWARBAZAR SHANKESHWARBAZAR,te,1,17
